"uniform_id","lang","skip","reg.in","refix","rate","acc","nfix_total","skip_z","regin_z","refix_z","rate_z"
"du_10","du",0.309791332263242,0.281395348837209,0.174418604651163,262,0.708333333333333,1344,1.16207317702186,0.705826300868183,-0.760094089926996,0.737378086457099
"du_11","du",0.2,0.233552631578947,0.290570175438596,201.625,0.625,1677,-0.40967827583519,0.103660572063846,0.563505308361428,-0.230403011174871
"du_12","du",0.290625,0.354625550660793,0.136563876651982,226.8,0.666666666666667,851,0.887691675680172,1.62752808493589,-1.19146574389956,0.17313966597436
"du_13","du",0.174111212397448,0.179911699779249,0.327814569536424,196.375,0.583333333333333,1467,-0.780297146088596,-0.571483580316648,0.987921932977877,-0.314557889229825
"du_14","du",0.330598851517637,0.26593137254902,0.0477941176470588,197.333333333333,0.708333333333333,1537,1.45994959353197,0.511191106936286,-2.2030370795998,-0.299196284505508
"du_18","du",0.293393057110862,0.26148969889065,0.117274167987322,216.428571428571,0.791666666666667,981,0.927318645276984,0.455286597140881,-1.41128065134002,0.00689084565355307
"du_19","du",0.201226993865031,0.324116743471582,0.221198156682028,179.5,0.75,1122,-0.392112869256602,1.24353321238568,-0.227020051405654,-0.58505571154932
"du_20","du",0.292759706190976,0.200296735905045,0.261127596439169,265.857142857143,0.833333333333333,1083,0.918251716148981,-0.314910148897003,0.227993876329055,0.799206160130126
"du_21","du",0.349659863945578,0.205020920502092,0.102510460251046,239.8,0.625,702,1.73282335650545,-0.255449854333652,-1.57951974224309,0.381523173539008
"du_22","du",0.32597623089983,0.214105793450882,0.188916876574307,225.75,0.791666666666667,1166,1.39377305188454,-0.141104360310569,-0.594879759517164,0.156308690363369
"du_23","du",0.157291666666667,0.378244746600742,0.273176761433869,108.571428571429,0.625,1814,-1.02108250585967,1.92480782053652,0.365299531592635,-1.72200528853666
"du_24","du",0.359908883826879,0.112099644128114,0.151245551601424,327.166666666667,0.75,750,1.87954634052182,-1.42499061864932,-1.02416145350379,1.78196720771065
"du_25","du",0.204030226700252,0.204113924050633,0.251582278481013,115.5,0.583333333333333,1095,-0.35198233080124,-0.266865639441918,0.119220684367587,-1.61094374879066
"du_27","du",0.326824254881809,0.351145038167939,0.140458015267176,269.142857142857,0.666666666666667,887,1.4059131990005,1.5837210969139,-1.14709028265544,0.851874519184928
"du_28","du",0.249061326658323,0.42,0.17,184.166666666667,0.75,1016,0.292674176446054,2.45035452932493,-0.810446077574727,-0.510251375500472
"du_29","du",0.280834914611006,0.340369393139842,0.215039577836412,187.625,0.625,1223,0.747538708988301,1.44809493448977,-0.297199827702327,-0.454816019321415
"du_31","du",0.393241167434716,0.210126582278481,0.0658227848101266,257,0.833333333333333,617,2.35672485823984,-0.191188150132961,-1.99759230733194,0.657230583547619
"du_32","du",0.306071871127633,0.244642857142857,0.191071428571429,245.333333333333,0.875,904,1.10882609163517,0.24324615879477,-0.570327670314774,0.470219743425499
"du_33","du",0.24633431085044,0.413748378728923,0.197146562905318,141.625,0.75,1663,0.253634746195518,2.37166936479748,-0.50109878176558,-1.19217304608863
"du_34","du",0.234290843806104,0.134818288393904,0.164126611957796,253.625,0.791666666666667,1139,0.0812228040671125,-1.13904555186084,-0.87737597637741,0.60313101908372
"du_35","du",0.346952010376135,0.285998013902681,0.0933465739821251,335.636363636364,0.916666666666667,1328,1.69405824914987,0.763757106692419,-1.68394634852399,1.91773222021489
"du_36","du",0.364978902953586,0.305647840531561,0.106312292358804,242.857142857143,0.791666666666667,1018,1.95212775258911,1.01107692569403,-1.53619615517399,0.430527646746519
"du_38","du",0.336623889437315,0.46577380952381,0.099702380952381,160,0.916666666666667,1178,1.54620286971107,3.02648023772198,-1.61151906902672,-0.897630972896291
"du_4","du",0.305241521068859,0.201183431952663,0.285502958579882,273.285714285714,0.791666666666667,1042,1.09693896098146,-0.303749872007635,0.505762092839477,0.918282450167068
"du_40","du",0.27710843373494,0.216666666666667,0.23,215.166666666667,0.666666666666667,958,0.694191130356526,-0.108872284568833,-0.126719087410791,-0.0133368574616966
"du_41","du",0.14027149321267,0.234210526315789,0.205263157894737,240.428571428571,0.791666666666667,1217,-1.26474001326706,0.111941072971612,-0.408606530723993,0.391598859619057
"du_42","du",0.179874213836478,0.26840490797546,0.208588957055215,222.333333333333,0.541666666666667,966,-0.697795133426109,0.542323917699217,-0.370707553225938,0.101541230041892
"du_43","du",0.373906705539359,0.336437718277066,0.131548311990687,284.6,0.958333333333333,1328,2.07993644564116,1.39860945383898,-1.2486203593969,1.09964479960795
"du_44","du",0.176029962546816,0.181818181818182,0.225454545454545,193.1,0.75,1730,-0.752828690494038,-0.547487908410537,-0.178516586665635,-0.367054503635534
"du_45","du",0.168279970215934,0.224709042076992,0.203222918531782,209.9,0.75,2055,-0.863776080006433,-0.00764804130241873,-0.431855976038116,-0.0977588938596818
"du_46","du",0.262608695652174,0.133254716981132,0.129716981132075,241.25,0.666666666666667,1059,0.486615687670475,-1.15872522670512,-1.26948919832945,0.404765949382757
"du_47","du",0.37705918242831,0.121449559255632,0.117531831537708,407.666666666667,0.666666666666667,1234,2.12506669434264,-1.30730920798387,-1.40834445927701,3.07234200455328
"du_48","du",0.335176991150442,0.24459234608985,0.19134775374376,292.714285714286,0.791666666666667,897,1.52548935401134,0.242610408427951,-0.567178820675024,1.22971274718676
"du_49","du",0.214525139664804,0.108108108108108,0.17923186344239,267.142857142857,0.791666666666667,975,-0.201739189019397,-1.47522953345762,-0.705244840823567,0.819815518021136
"du_5","du",0.29324055666004,0.343178621659634,0.177215189873418,293.875,0.791666666666667,1092,0.925135478352961,1.48345289983833,-0.728225743314507,1.24831841750503
"du_50","du",0.256324900133156,0.21307072515667,0.186213070725157,235.909090909091,0.833333333333333,1841,0.396658087804644,-0.154132103914299,-0.625690843437621,0.319153844002176
"du_51","du",0.133333333333333,0.255384615384615,0.373846153846154,176.5,0.75,1329,-1.36406536660511,0.378445809880043,1.51247254285403,-0.633144213295008
"du_53","du",0.21399730820996,0.296232876712329,0.251712328767123,164,0.75,1034,-0.20929552191849,0.892576788687373,0.120702665879126,-0.833512970568707
"du_54","du",0.274380165289256,0.110478359908884,0.16628701594533,303.888888888889,0.833333333333333,1128,0.655133767585796,-1.44539668773192,-0.852757201111827,1.40883605527652
"du_55","du",0.28649138712602,0.266836086404066,0.188055908513342,319.333333333333,0.625,1221,0.828515674202668,0.522578162461218,-0.604690877866351,1.6564027864858
"du_56","du",0.3265625,0.180974477958237,0.178654292343387,221.8,0.666666666666667,612,1.40216596679833,-0.558107070089343,-0.711826523309009,0.0929921630648804
"du_57","du",0.353195164075993,0.180240320427236,0.0787716955941255,397.111111111111,0.833333333333333,1023,1.78343402860243,-0.567347442084219,-1.85003364406119,2.90314172063327
"du_6","du",0.392717815344603,0.285867237687366,0.123126338329764,301.636363636364,0.833333333333333,1341,2.34923265105887,0.76211110998658,-1.34459253777061,1.37272920043043
"du_7","du",0.2173017507724,0.260526315789474,0.222368421052632,254.875,0.708333333333333,1211,-0.16198976206174,0.443161109282281,-0.213684362475502,0.62316789481109
"du_8","du",0.311755952380952,0.277837837837838,0.136216216216216,263.1,0.666666666666667,1643,1.19019829820099,0.661050181817461,-1.19542749095532,0.755010537097185
"ee_1","ee",0.321008403361345,0.221534653465347,0.121287128712871,309.444444444444,0.583333333333333,1147,1.32265459480601,-0.0476020435285265,-1.36555115869792,1.49788883628705
"ee_12","ee",0.354744525547445,0.311085972850679,0.0927601809954751,278.6,0.875,1273,1.80561438741178,1.07952322429364,-1.69062856038758,1.00346779611657
"ee_14","ee",0.278757346767422,0.231664726426077,0.162980209545984,200.777777777778,0.666666666666667,1406,0.717796650036581,0.0798987155590202,-0.890439747553162,-0.243983560278978
"ee_15","ee",0.188102893890675,0.299009900990099,0.26039603960396,167.222222222222,0.875,1939,-0.579994943159082,0.927529419807882,0.219657457111203,-0.781862357582598
"ee_16","ee",0.299870466321244,0.224791859389454,0.129509713228492,261.363636363636,0.875,1643,1.02004798125732,-0.00660567267926442,-1.27185110932736,0.72717749517771
"ee_19","ee",0.141592920353982,0.217231222385862,0.227540500736377,239.833333333333,0.791666666666667,2437,-1.24582271819114,-0.10176658226801,-0.154746187891247,0.382057490225071
"ee_2","ee",0.373780487804878,0.190847127555988,0.0876338851022395,316.583333333333,0.916666666666667,1332,2.07812953699494,-0.433846334475851,-1.74904500808377,1.61232165988559
"ee_21","ee",0.21684350132626,0.262489415749365,0.168501270110076,203,0.75,1827,-0.168549972397962,0.467869394802154,-0.827524778853166,-0.208362447874764
"ee_22","ee",0.332589285714286,0.352842809364548,0.100334448160535,220.666666666667,0.666666666666667,985,1.48844426406659,1.60508985873466,-1.60431637886318,0.0748253957387313
"ee_24","ee",0.245794392523364,0.245353159851301,0.178438661710037,215.125,0.875,1486,0.245905379974055,0.252186285372301,-0.714283731374471,-0.0140047533192754
"ee_27","ee",0.301310043668122,0.175,0.17875,253.222222222222,0.708333333333333,1208,1.0406566917977,-0.633304008727392,-0.710735891509153,0.596674692460456
"ee_28","ee",0.125,0.21195652173913,0.187888198757764,116.909090909091,0.583333333333333,3051,-1.48336375295135,-0.168155870778062,-0.606602005973057,-1.58835672524345
"ee_29","ee",0.228590250329381,0.166524338172502,0.207514944491887,233.454545454545,0.791666666666667,1759,-0.000385788291567411,-0.739981751421302,-0.38294640951464,0.27980870621025
"ee_3","ee",0.115243902439024,0.171605789110958,0.292901447277739,169.25,0.666666666666667,2325,-1.62303015647866,-0.676024773576145,0.590071199658614,-0.749358092513754
"ee_30","ee",0.332715477293791,0.329166666666667,0.113888888888889,283.375,0.75,1279,1.49025079828324,1.30709337065927,-1.4498574294873,1.08000866139513
"ee_31","ee",0.116313094367228,0.383278145695364,0.265728476821192,116.1,0.583333333333333,2708,-1.60772381187117,1.98816000051022,0.280422977924135,-1.60132604844153
"ee_32","ee",0.273116962645438,0.172704296545914,0.236731255265375,188.083333333333,0.708333333333333,1915,0.637050003141496,-0.662198562021385,-0.0500134057004593,-0.447469164888046
"ee_33","ee",0.229357798165138,0.224358974358974,0.19047619047619,231.6,0.791666666666667,1603,0.0106022778983537,-0.0120541201087917,-0.577110676169575,0.250081268767461
"ee_34","ee",0.159498207885305,0.37953091684435,0.230277185501066,156.25,0.791666666666667,1809,-0.989494089044873,1.94099602401852,-0.123560433938108,-0.957741600078401
"ee_35","ee",0.119339045287638,0.303683113273106,0.248088950660181,190.416666666667,0.791666666666667,2463,-1.56440488443503,0.986348158406358,0.0794126424243635,-0.410066996863622
"ee_36","ee",0.3379970544919,0.212458286985539,0.160177975528365,300.2,0.916666666666667,1263,1.56586083473495,-0.16184047205893,-0.922372464729854,1.34970500868553
"ee_37","ee",0.304855562384757,0.18921308576481,0.172413793103448,319.75,0.75,1658,1.0914136511963,-0.454412974969326,-0.782939819349741,1.66308174506159
"ee_39","ee",0.170909090909091,0.203508771929825,0.185087719298246,250.7,1,1661,-0.826138097262064,-0.274482302724168,-0.638514729170931,0.556244729881674
"ee_4","ee",0.303850156087409,0.321375186846039,0.130044843049327,255.571428571429,0.708333333333333,1050,1.07702044932878,1.20902698995339,-1.26575306429825,0.634331297002053
"ee_41","ee",0.252989880404784,0.309113300492611,0.198275862068966,241.375,0.708333333333333,1367,0.348914591161325,1.05469445711104,-0.488229909796321,0.406769636955494
"ee_42","ee",0.158348736906962,0.322108345534407,0.252562225475842,145.083333333333,0.791666666666667,2737,-1.00594969298904,1.21825479015394,0.130387621189166,-1.13673768990957
"ee_43","ee",0.185840707964602,0.190217391304348,0.278532608695652,185.857142857143,0.75,1201,-0.612379958830571,-0.441772422512962,0.426331820393914,-0.483153886421552
"ee_44","ee",0.310985460420032,0.159437280187573,0.134818288393904,243.555555555556,0.791666666666667,1263,1.17916808448533,-0.829182024339252,-1.21135750732892,0.441722853502128
"ee_45","ee",0.160885608856089,0.25065963060686,0.206684256816183,175.2,0.875,1825,-0.969632325401306,0.318975443953136,-0.392412469252567,-0.653982564051473
"ee_47","ee",0.323746918652424,0.215066828675577,0.258809234507898,247.444444444444,0.666666666666667,1270,1.36185864943125,-0.129008423673828,0.20157509923941,0.504059800209502
"ee_51","ee",0.299752270850537,0.316037735849057,0.0613207547169811,240.666666666667,0.875,1458,1.01835591778586,1.14184790285837,-2.04889496541884,0.395415407376651
"ee_52","ee",0.333333333333333,0.24398249452954,0.0722100656455142,298.5,0.791666666666667,1385,1.49909590570465,0.234934596301854,-1.92480636898342,1.3224548576963
"ee_54","ee",0.23134328358209,0.141990291262136,0.189320388349515,282.875,0.708333333333333,1147,0.0390261026611165,-1.04877613194427,-0.590281561324528,1.07199391110418
"ee_55","ee",0.306818181818182,0.392478302796528,0.148505303760849,295.363636363636,0.708333333333333,1587,1.11951013096662,2.10395650253646,-1.05538781030944,1.27218051496217
"ee_56","ee",0.237030411449016,0.206330597889801,0.212192262602579,303,0.916666666666667,1392,0.120441923957405,-0.238965781440992,-0.32964626561693,1.39458761031483
"ee_57","ee",0.235240690281562,0.232779097387173,0.213776722090261,212.875,0.666666666666667,1266,0.0948206222829702,0.0939245911865427,-0.31159063700777,-0.0500711296285414
"ee_58","ee",0.206974981046247,0.136711281070746,0.265774378585086,263.9,0.541666666666667,1526,-0.309825797801642,-1.11521966194078,0.280946049171977,0.767834137562701
"ee_59","ee",0.21494708994709,0.104465037910699,0.202190395956192,215.727272727273,0.708333333333333,1646,-0.195698630483997,-1.52108253149421,-0.443622035252851,-0.00435062228699729
"ee_60","ee",0.132352941176471,0.248305084745763,0.270338983050847,182.3,0.875,2120,-1.37810047088114,0.289340278860038,0.332961770383042,-0.540173109920011
"ee_61","ee",0.151555261416281,0.141185647425897,0.262870514820593,168.909090909091,0.791666666666667,2159,-1.10320377263557,-1.0589036700492,0.247855215312925,-0.754822694984855
"ee_62","ee",0.146500981033355,0.190804597701149,0.328735632183908,144.818181818182,0.75,2338,-1.17555987189451,-0.434381630598283,0.998417856173157,-1.14098793627598
"ee_63","ee",0.318983768525053,0.167875647668394,0.175129533678756,232.1,0.875,1465,1.29367031453681,-0.722973681770047,-0.751992733856049,0.258096019058409
"ee_68","ee",0.19986216402481,0.180878552971576,0.168819982773471,237.727272727273,0.875,1669,-0.411651508965658,-0.559314416636804,-0.82389290468533,0.348298390514714
"ee_69","ee",0.267433501078361,0.138370951913641,0.123650637880275,292.8,0.916666666666667,1310,0.555686667883918,-1.09433044494058,-1.3386179085437,1.2310867043795
"ee_7","ee",0.195761856710394,0.232120451693852,0.176913425345044,198.75,0.791666666666667,1381,-0.470350714501693,0.0856346384691465,-0.731664485859895,-0.276487825347822
"ee_70","ee",0.177764202810018,0.316493313521545,0.239970282317979,202.25,0.833333333333333,2388,-0.728001642701639,1.14758196808088,-0.0131032354048474,-0.220384573311186
"ee_71","ee",0.240641711229947,0.290140845070423,0.202816901408451,270,0.916666666666667,1094,0.172140592334709,0.815900276905132,-0.436482723799617,0.865614091112267
"ee_72","ee",0.278117359413203,0.232006773920406,0.12108382726503,286.75,0.958333333333333,1836,0.708634714999736,0.0842038489317097,-1.3678678701484,1.13410822585902
"ee_73","ee",0.351664254703329,0.125,0.0446428571428571,416.5,0.791666666666667,1075,1.76151782646628,-1.26262207771766,-2.23894711059581,3.21393592636003
"ee_74","ee",0.19047619047619,0.420955882352941,0.189338235294118,224.2,0.625,963,-0.546019288802321,2.46238561005563,-0.590078187362576,0.13146296446143
"ee_75","ee",0.120060790273556,0.27979274611399,0.224525043177893,124.8,0.75,1379,-1.5540725229742,0.68565536384548,-0.189108683231738,-1.46186939337903
"ee_76","ee",0.278917145200984,0.325369738339022,0.0989761092150171,220.444444444444,0.875,1445,0.720084293468335,1.25930385859431,-1.6197952621772,0.0712632844983103
"ee_77","ee",0.20563035495716,0.258859784283513,0.173343605546995,234.333333333333,0.875,2324,-0.329075204521696,0.422185541497429,-0.772344188292351,0.293895237024643
"ee_78","ee",0.287044877222693,0.105700712589074,0.264845605700713,329,0.666666666666667,1213,0.836439331249669,-1.50552988344431,0.270362264359,1.81135462544413
"ee_79","ee",0.257606490872211,0.177595628415301,0.135245901639344,250.285714285714,0.833333333333333,1223,0.415005092659711,-0.600634491484728,-1.20648466204127,0.54960393678346
"ee_80","ee",0.209424083769634,0.176600441501104,0.239514348785872,192.875,0.833333333333333,1344,-0.274764917454101,-0.613160273627262,-0.0182988030985556,-0.370661141266461
"ee_9","ee",0.175817396668723,0.295658682634731,0.297904191616766,196.583333333333,0.75,2458,-0.755871742443896,0.885349774524578,0.647079721816657,-0.31121840994193
"fi_1","fi",0.160246533127889,0.163302752293578,0.280733944954128,227,0.75,1647,-0.978781209776576,-0.780529795509519,0.451417037299693,0.176345566090739
"fi_11","fi",0.267810026385224,0.131531531531532,0.225225225225225,250.5,0.666666666666667,810,0.561076931267197,-1.18041386149821,-0.181129793835249,0.553038829765295
"fi_12","fi",0.254135338345865,0.165322580645161,0.244959677419355,269.5,0.833333333333333,1528,0.365312745241137,-0.755107505951315,0.0437531661851901,0.857599340821319
"fi_13","fi",0.35251274581209,0.27896512935883,0.152980877390326,360.6,0.583333333333333,1279,1.77366466087881,0.675238680281061,-1.00438663552711,2.31788684383204
"fi_14","fi",0.314814814814815,0.0745945945945946,0.191351351351351,295.8,0.875,1212,1.23398838049079,-1.89704272564569,-0.567137824318192,1.27917520612518
"fi_15","fi",0.107407407407407,0.330290456431535,0.444813278008299,120.9,0.625,2777,-1.73521590190452,1.32123779475484,2.32117484625359,-1.52438444564842
"fi_16","fi",0.234944868532655,0.240576496674058,0.340354767184035,219.222222222222,0.75,1583,0.0905856954080766,0.192065476433905,1.13082312620558,0.0516716726759929
"fi_17","fi",0.248559670781893,0.169769989047097,0.234392113910186,210.777777777778,0.791666666666667,1584,0.28549256805895,-0.699130816600964,-0.0766689736729786,-0.0836885544600178
"fi_18","fi",0.333819241982507,0.258205689277899,0.157549234135667,270.9,0.916666666666667,1439,1.50605207983563,0.413952865380049,-0.952328155402327,0.880040641635973
"fi_19","fi",0.308353808353808,0.231793960923623,0.196269982238011,272.75,0.791666666666667,1756,1.1414938630943,0.0815253076478796,-0.511087812787143,0.909695217712481
"fi_2","fi",0.148780487804878,0.193409742120344,0.227793696275072,160.5,0.875,2185,-1.14292689435354,-0.401592341491719,-0.151860910831337,-0.889616222605343
"fi_20","fi",0.263447432762836,0.1850622406639,0.152697095435685,265.083333333333,0.708333333333333,1646,0.498622885734961,-0.506657011440968,-1.00762045855561,0.786802379917944
"fi_21","fi",0.186377708978328,0.159056316590563,0.200152207001522,245.166666666667,0.833333333333333,1857,-0.604692356302109,-0.833976969843772,-0.466848115242217,0.467548159995183
"fi_22","fi",0.15091066782307,0.351378958120531,0.279877425944842,145.444444444444,0.791666666666667,2072,-1.11243164969786,1.58666529797118,0.441656617895729,-1.13094925914389
"fi_23","fi",0.290619251992643,0.331028522039758,0.146931719965428,209.25,0.875,1903,0.887609388319878,1.33052735522193,-1.07331950551301,-0.108178069237914
"fi_24","fi",0.327649208282582,0.115942028985507,0.125905797101449,292.166666666667,0.708333333333333,1353,1.41772307214327,-1.37662897427387,-1.31291935476646,1.22093468734429
"fi_25","fi",0.260330578512397,0.240223463687151,0.179888268156425,206.111111111111,0.625,1530,0.454002603828499,0.187622075681704,-0.697764813832626,-0.158492890508866
"fi_26","fi",0.304213135068154,0.102404274265361,0.21193232413179,296.916666666667,0.75,1529,1.08221678613043,-1.5470200474528,-0.332608381421273,1.2970748151083
"fi_27","fi",0.263233190271817,0.128155339805825,0.223300970873786,254,0.791666666666667,763,0.495555831719113,-1.22290783064546,-0.2030575377689,0.609142081801931
"fi_28","fi",0.255060728744939,0.202898550724638,0.321557971014493,183.454545454545,0.75,2073,0.378560455003126,-0.28216276733427,0.916625178376809,-0.521666322884549
"fi_3","fi",0.237370663420572,0.142857142857143,0.232242617717478,212.5,0.666666666666667,1838,0.125312905296336,-1.03786562450685,-0.101163449709798,-0.0560821923467524
"fi_30","fi",0.147022332506203,0.232727272727273,0.241454545454545,186.333333333333,0.791666666666667,2441,-1.1680963051629,0.0932723072886474,0.00381061071141464,-0.475520790906364
"fi_33","fi",0.168421052631579,0.206999255398362,0.326135517498139,168.166666666667,0.791666666666667,2431,-0.861756371463047,-0.230549816398921,0.968788379703453,-0.766723384810808
"fi_34","fi",0.141111789859499,0.199857752489331,0.240398293029872,132.833333333333,0.666666666666667,2558,-1.2527104891848,-0.320435352806909,-0.00822586080817455,-1.3330990720378
"fi_35","fi",0.313186813186813,0.161777777777778,0.185777777777778,249,0.708333333333333,1696,1.21068222442803,-0.799723675860375,-0.63065120238347,0.528994578892451
"fi_38","fi",0.236793039154754,0.337947882736156,0.161237785016287,144.75,0.916666666666667,2369,0.117043748157159,1.41761692946403,-0.910295458874455,-1.14208085677021
"fi_39","fi",0.109326744904262,0.393203883495146,0.253120665742025,151.583333333333,0.916666666666667,3002,-1.7077390379571,2.11308892341947,0.136751299228895,-1.03254593612725
"fi_4","fi",0.343683083511777,0.138662316476346,0.197389885807504,342.714285714286,0.791666666666667,834,1.64726092514966,-1.0906632252611,-0.498326007839749,2.03118777628156
"fi_41","fi",0.126126126126126,0.289597000937207,0.357075913776945,176.555555555556,0.791666666666667,2076,-1.46724234939105,0.809055258110196,1.32136811340658,-0.632253685484903
"fi_42","fi",0.27568602425016,0.092511013215859,0.270484581497797,341.666666666667,0.708333333333333,1739,0.673828191605582,-1.67154020624658,0.334620930181468,2.01439496614815
"fi_44","fi",0.33843329253366,0.1840888066605,0.123959296947271,306.416666666667,0.791666666666667,1558,1.57210593406832,-0.518909003587162,-1.33510059962929,1.44935507063631
"fi_45","fi",0.254268292682927,0.126737530662306,0.193785772690106,208.083333333333,0.791666666666667,1708,0.367216093785447,-1.24075288889339,-0.539396498072562,-0.126879153250126
"fi_46","fi",0.332365747460087,0.145652173913043,0.21304347826087,271,0.791666666666667,666,1.48524413370509,-1.00268635356951,-0.319946280283208,0.881643591694163
"fi_47","fi",0.237515225334957,0.216453674121406,0.270766773162939,198.083333333333,0.791666666666667,2000,0.12738242566993,-0.111553085714692,0.337836631145749,-0.287174159069086
"fi_48","fi",0.359966358284272,0.303547963206308,0.130091984231275,268.888888888889,0.833333333333333,1173,1.8803691337246,0.984647110825123,-1.26521586932415,0.84780353491016
"fi_49","fi",0.268079800498753,0.120954003407155,0.199318568994889,346.75,0.666666666666667,1546,0.564938965237835,-1.31354645297667,-0.476347795328239,2.09587826077278
"fi_5","fi",0.316339869281046,0.101338432122371,0.182600382409178,300.636363636364,0.625,1362,1.25582076492016,-1.5604351218383,-0.666859051915698,1.35669969984853
"fi_51","fi",0.210181818181818,0.17219152854512,0.236648250460405,236.8,0.708333333333333,1626,-0.263917338335783,-0.668652445383383,-0.0509592827916442,0.33343467179332
"fi_52","fi",0.257806244995997,0.148867313915858,0.277238403451996,233.888888888889,0.75,1436,0.417864734015751,-0.96221943960742,0.411583769462254,0.2867710145438
"fi_54","fi",0.25077399380805,0.190909090909091,0.266115702479339,272.666666666667,0.833333333333333,1844,0.317192387723326,-0.433066441321397,0.284835588486785,0.908359425997323
"fi_55","fi",0.344863731656185,0.112,0.1456,343.714285714286,0.875,793,1.66416285536612,-1.42624477565513,-1.08849505357473,2.04721727686346
"fi_56","fi",0.270386266094421,0.246218487394958,0.152100840336134,265.833333333333,0.708333333333333,1763,0.597957880084985,0.263077610548665,-1.01441505363204,0.798824505354366
"fi_6","fi",0.186379928315412,0.134801762114537,0.244052863436123,195.4,0.625,1788,-0.604660584702163,-1.13925355758521,0.0334196129286327,-0.330186652297174
"fi_7","fi",0.326841144248326,0.132911392405063,0.191681735985533,236.833333333333,0.833333333333333,1482,1.40615498390113,-1.16304643389009,-0.563372942792763,0.333968988479383
"fi_8","fi",0.301089045483664,0.189734188817599,0.208982584784601,370.25,0.791666666666667,1577,1.03749292458275,-0.447854183630809,-0.366221988181629,2.47257152444734
"fi_9","fi",0.273561811505508,0.112889637742207,0.0783487784330244,334.5,0.708333333333333,1425,0.643418373282416,-1.4150474735346,-1.85485297535533,1.89951687864456
"ge_1","ge",0.202578268876611,0.334872979214781,0.217090069284065,207.25,0.75,2249,-0.372768277849613,1.37891508253595,-0.273833555271315,-0.140237070401706
"ge_10","ge",0.143048128342246,0.117004680187207,0.228549141965679,200.272727272727,0.75,1838,-1.22499024241538,-1.36325406222859,-0.143252267360153,-0.252079267643571
"ge_11","ge",0.146699266503667,0.180515759312321,0.261461318051576,232.5,0.917,2112,-1.1727212554972,-0.563880668738494,0.231796784222447,0.264507819291167
"ge_13","ge",0.139951179820993,0.346263008514664,0.260170293282876,166.333333333333,0.625,1864,-1.26932555775732,1.52227410743086,0.21708497623361,-0.796110802544283
"ge_14","ge",0.179159049360146,0.208611729769859,0.173719376391982,182.5,0.667,2077,-0.708033289585933,-0.210254631243584,-0.768062110478448,-0.536967209803632
"ge_15","ge",0.180981595092025,0.423970037453184,0.169288389513109,254.666666666667,0.958,2158,-0.681942077803296,2.50032285540206,-0.818555199180916,0.619828415523195
"ge_16","ge",0.155307994757536,0.149728471683476,0.301784328937161,150.272727272727,0.625,2260,-1.04948036879563,-0.951380596739154,0.691295632008254,-1.05355429673837
"ge_17","ge",0.119704102219233,0.243697478991597,0.323911382734912,136.545454545455,0.667,2727,-1.55917880009136,0.231347287742433,0.943443363580457,-1.27359562290803
"ge_18","ge",0.213320463320463,0.285889570552147,0.171779141104294,176,0.875,1385,-0.218985102293323,0.762392199493361,-0.790171964369457,-0.641158963585956
"ge_19","ge",0.278401997503121,0.197231833910035,0.228373702422145,216.5,0.833,921,0.712709538778126,-0.353486112999884,-0.145251479877749,0.00803580998083155
"ge_2","ge",0.230769230769231,0.2488,0.1672,174.666666666667,0.792,2608,0.0308080737509279,0.295569461102247,-0.842353337115711,-0.662531631028484
"ge_21","ge",0.300613496932515,0.18859649122807,0.171052631578947,231,0.792,772,1.03068506360899,-0.462173656633546,-0.798450867220974,0.240463568418323
"ge_23","ge",0.120563035495716,0.368823938761308,0.265135699373695,174,0.583,2638,-1.54688247762775,1.80623412857971,0.273668012257234,-0.673217964749748
"ge_24","ge",0.258362989323843,0.27063339731286,0.122840690978887,215.1,0.792,1557,0.425834978006094,0.570372489830774,-1.34784761782834,-0.0144054908338229
"ge_25","ge",0.168249660786974,0.269168026101142,0.291190864600326,174.545454545455,0.75,2369,-0.864209983922357,0.551928798204528,0.570578340567709,-0.664474600795986
"ge_26","ge",0.181743421052632,0.21105527638191,0.277386934673367,186.666666666667,0.708,1801,-0.671035924870045,-0.179499270535916,0.413276349544478,-0.470177624045732
"ge_28","ge",0.0655534941249227,0.322964923891463,0.253474520185308,153.666666666667,0.792,3083,-2.33438841992963,1.22903599490596,0.140783629786593,-0.999151143248299
"ge_29","ge",0.314456035767511,0.191304347826087,0.139130434782609,306.1,0.75,1242,1.22885216912301,-0.428091594926217,-1.16221865947067,1.44427906211871
"ge_3","ge",0.182868796736914,0.182196339434276,0.356905158069884,186.909090909091,0.792,2035,-0.654925264489867,-0.542728279995847,1.31942227531254,-0.466291684510727
"ge_30","ge",0.121175030599755,0.172005571030641,0.224233983286908,227.166666666667,0.75,2164,-1.5381212742241,-0.670992973861907,-0.192425441618746,0.179017149521055
"ge_31","ge",0.236051502145923,0.1669341894061,0.200642054574639,208.25,0.625,2286,0.106428047928802,-0.734823215683286,-0.461266081795446,-0.12420756981981
"ge_32","ge",0.175122749590835,0.321428571428571,0.196428571428571,164.222222222222,0.792,2019,-0.765816175500561,1.20969890760126,-0.509280617621565,-0.829950859328286
"ge_33","ge",0.244565217391304,0.118705035971223,0.283273381294964,227,0.583,1674,0.228308746799051,-1.34185276985673,0.480355056733567,0.176345566090739
"ge_36","ge",0.354945054945055,0.265758091993186,0.114139693356048,320.428571428571,0.75,832,1.80848512743776,0.509010135240466,-1.44699939976313,1.67395890617074
"ge_37","ge",0.200284090909091,0.294849023090586,0.154529307282416,206.2,0.75,886,-0.405611285391568,0.875159106907368,-0.986741580367145,-0.157068046012697
"ge_38","ge",0.247915087187263,0.221774193548387,0.238911290322581,254.3,0.833,1475,0.276264834134397,-0.0445871054784295,-0.0251709255652066,0.6139509319765
"ge_39","ge",0.128610729023384,0.0828729281767956,0.228097868981847,216.636363636364,0.792,1787,-1.43167325542856,-1.79284862755753,-0.148394726009779,0.0102216509692717
"ge_4","ge",0.268333333333333,0.119589977220957,0.330296127562642,193.333333333333,0.875,1432,0.568568492203979,-1.33071457948768,1.01620040298094,-0.363314286833092
"ge_40","ge",0.156288916562889,0.313653136531365,0.34760147601476,219.166666666667,0.708,2588,-1.03543768217437,1.11183447409987,1.21340263316268,0.0507811448658873
"ge_41","ge",0.247555012224939,0.16246953696182,0.121039805036556,276.666666666667,0.625,1558,0.271110070698122,-0.791016944782224,-1.36836952324465,0.972477428324907
"ge_42","ge",0.260709914320685,0.278145695364238,0.278145695364238,199.916666666667,0.833,2201,0.459433101805962,0.664924987898232,0.421922768934883,-0.25778674133561
"ge_45","ge",0.197847682119205,0.153766769865841,0.231166150670795,218.333333333333,0.792,1515,-0.440490441845146,-0.90055311645649,-0.113430275940457,0.0374232277143077
"ge_48","ge",0.185451638689049,0.15603532875368,0.161923454367026,207.111111111111,0.875,1536,-0.617949799240616,-0.872000214482779,-0.902481948183972,-0.14246338992697
"ge_5","ge",0.182822085889571,0.223723723723724,0.242492492492492,237.833333333333,0.75,2112,-0.655593967935415,-0.0200496141708071,0.0156384841148331,0.349998489061279
"ge_50","ge",0.142105263157895,0.313650306748466,0.355061349693252,152.727272727273,0.667,2589,-1.23848811781959,1.11179885742968,1.29841124944931,-1.01420915894644
"ge_51","ge",0.158831003811944,0.220543806646526,0.197885196374622,178.5,0.75,1038,-0.999045653362739,-0.0600731996622364,-0.49268172111888,-0.601085212131216
"ge_54","ge",0.315614617940199,0.162621359223301,0.144417475728155,353.555555555556,0.708,1082,1.24543820716115,-0.789106054933721,-1.10197044959446,2.20496791751069
"ge_55","ge",0.263816475495308,0.247875354107649,0.162889518413598,230.714285714286,0.833,1094,0.503906030032159,0.283931533752761,-0.891473213802843,0.23588371110921
"ge_6","ge",0.161993769470405,0.28996282527881,0.21635687732342,170.166666666667,0.792,2753,-0.953768112629257,0.813659655475144,-0.282188607479047,-0.734664383647016
"ge_8","ge",0.214285714285714,0.19036519036519,0.266511266511266,241.583333333333,0.833,2073,-0.205166756384493,-0.439912170121602,0.289343218569568,0.410109116243389
"ge_9","ge",0.191230207064555,0.140060240963855,0.225150602409639,224.75,0.792,1908,-0.535224933329893,-1.07306844247963,-0.181980154386893,0.140279189781473
"gr_10","gr",0.353095030514385,0.292452830188679,0.214285714285714,267,0.75,1100,1.78200053592416,0.844999757108243,-0.305790441977537,0.817525589366579
"gr_11","gr",0.249318801089918,0.228675136116152,0.336660617059891,229.181818181818,0.541666666666667,1778,0.296360130551823,0.0422706515407476,1.088726623779,0.211319021905785
"gr_12","gr",0.213861386138614,0.0999160369437447,0.188077246011755,246.545454545455,0.708333333333333,1639,-0.211241355972137,-1.57833790158138,-0.604447727473558,0.489649441100524
"gr_13","gr",0.204605263157895,0.23490488006617,0.399503722084367,165.090909090909,0.583333333333333,2172,-0.343750220222794,0.12068046019933,1.80485207462802,-0.816026242661185
"gr_15","gr",0.197908286403862,0.188565697091274,0.203610832497492,211.888888888889,0.625,1550,-0.439622842641326,-0.462561242767645,-0.427435521901148,-0.0658779982579111
"gr_17","gr",0.373977695167286,0.181710213776722,0.175771971496437,353.5,0.666666666666667,1082,2.08095271940825,-0.548846833197819,-0.744671865931878,2.20407738970058
"gr_19","gr",0.303465765004227,0.25121359223301,0.20873786407767,282.888888888889,0.583333333333333,1165,1.07151758101483,0.325947805170399,-0.369010690721312,1.0722165430567
"gr_20","gr",0.161985630306989,0.208106001558846,0.239282930631333,197.727272727273,0.708333333333333,2047,-0.953884631316667,-0.216619909267349,-0.0209359170697613,-0.292881632761125
"gr_22","gr",0.310730743910467,0.305635148042025,0.188156638013372,332.909090909091,0.75,1493,1.17552161225731,1.01091717343391,-0.60354301990175,1.87401540044609
"gr_26","gr",0.116477272727273,0.319935691318328,0.419614147909968,89.8333333333333,0.666666666666667,1432,-1.60537346626001,1.19090897903701,2.03401942330557,-2.02236759705933
"gr_30","gr",0.173267326732673,0.326347305389222,0.270958083832335,184.666666666667,0.666666666666667,1294,-0.792378049856792,1.27160787076112,0.340016702281955,-0.502236625209524
"gr_31","gr",0.246786632390745,0.285551763367463,0.179749715585893,232.375,0.833333333333333,1474,0.260110093779691,0.758140436190231,-0.699343682699776,0.26250413171843
"gr_32","gr",0.2271714922049,0.0595581171950048,0.191162343900096,271.9,0.833333333333333,1341,-0.0206964548755116,-2.0862972640762,-0.569291649247614,0.896070142217869
"gr_37","gr",0.199635369188696,0.145785876993166,0.273348519362187,198.75,0.625,1390,-0.414898259923266,-1.00100351828549,0.367256790448727,-0.276487825347822
"gr_45","gr",0.213355048859935,0.260869565217391,0.250517598343685,178.6,0.583333333333333,871,-0.218489982407339,0.447481370625463,0.107088175271217,-0.599482262073026
"gr_50","gr",0.283474065138721,0.185185185185185,0.176767676767677,245.833333333333,0.791666666666667,842,0.785320276902058,-0.505109587266411,-0.73332535646196,0.478234493716447
"gr_51","gr",0.338274932614555,0.173116089613035,0.122199592668024,274.8,0.833333333333333,660,1.56983888413099,-0.657015585664907,-1.35515322146976,0.942555693905367
"gr_52","gr",0.188636363636364,0.295518207282913,0.413165266106443,138.142857142857,0.75,1573,-0.572357893580063,0.883581700981649,1.96053151421478,-1.24799005704345
"gr_54","gr",0.334883720930233,0.18006993006993,0.178321678321678,406.571428571429,0.75,840,1.52129095432721,-0.56949203669691,-0.715616809708167,3.05478588486835
"gr_56","gr",0.202298850574713,0.148414985590778,0.19164265129683,276.166666666667,0.75,950,-0.376768376153468,-0.967912607369193,-0.563818330402241,0.964462678033959
"gr_61","gr",0.20702005730659,0.110207768744354,0.26196928635953,234.4,0.75,1598,-0.309180494787068,-1.44880244591487,0.237585311594052,0.29496387039677
"gr_62","gr",0.265377855887522,0.142344497607655,0.220095693779904,215.375,0.625,1212,0.526258449383819,-1.04431796287654,-0.239583112102924,-0.00999737817380143
"gr_64","gr",0.251381215469613,0.2460024600246,0.182041820418204,252.25,0.791666666666667,1226,0.325885255448811,0.260358611997414,-0.673224117064171,0.581090455783613
"gr_67","gr",0.148631029986962,0.154670750382848,0.401225114854518,243.666666666667,0.708333333333333,1100,-1.14506650353405,-0.889175290989133,1.82446811958844,0.443503909122339
"gr_7","gr",0.221281741233374,0.417701863354037,0.451863354037267,160.333333333333,0.583333333333333,1557,-0.105012989301624,2.42142935099867,2.40151363398215,-0.892287806035659
"gr_70","gr",0.251552795031056,0.219917012448133,0.199170124481328,224.8,0.833333333333333,768,0.328341555226022,-0.0679622579539749,-0.478039387335967,0.141080664810568
"gr_74","gr",0.156756756756757,0.310897435897436,0.31517094017094,141.75,0.75,1683,-1.02874017255081,1.07715023006668,0.843842088797702,-1.19016935851589
"gr_75","gr",0.189044038668099,0.0860927152317881,0.308609271523179,220,0.541666666666667,1110,-0.566521696767303,-1.75232322411738,0.769068922881253,0.0641390620174675
"gr_77","gr",0.280730897009967,0.159353348729792,0.14203233256351,230.444444444444,0.666666666666667,1204,0.746049613153635,-0.830238415998019,-1.12915022887901,0.23155829031727
"gr_9","gr",0.197406340057637,0.193895870736086,0.291741472172352,187.3,0.791666666666667,1884,-0.446808609337766,-0.395473751056922,0.576852761534085,-0.460025607010531
"he_1","he",0.159600997506234,0.218842729970326,0.260385756676558,214.5,0.75,2202,-0.988022572735666,-0.0814835654436386,0.21954027852782,-0.0240231911829604
"he_10","he",0.326055312954876,0.0907127429805616,0.218142548596112,240,0.875,662,1.39490517527125,-1.69417388528658,-0.261840080067379,0.384729073655387
"he_11","he",0.224137931034483,0.377777777777778,0.43968253968254,135.833333333333,0.666666666666667,1434,-0.0641243291771148,1.91893038217759,2.26270777504042,-1.28501057029211
"he_13","he",0.162790697674419,0.2375,0.344444444444444,154.666666666667,0.75,1336,-0.942359442776541,0.153343577510446,1.17742683827227,-0.983121642666403
"he_14","he",0.269451269451269,0.234304932735426,0.350896860986547,200.222222222222,0.791666666666667,1632,0.584572649192935,0.113129306285731,1.2509550272992,-0.252888838380031
"he_17","he",0.138231631382316,0.161849710982659,0.40606936416185,131.5,0.708333333333333,1281,-1.29394228023472,-0.798818298548532,1.87967051956353,-1.35447173948033
"he_18","he",0.189044038668099,0.270198675496689,0.286092715231788,152.428571428571,0.625,1439,-0.566521696767303,0.564900923952758,0.512482635181763,-1.01899719158779
"he_2","he",0.202346041055718,0.303308823529412,0.419117647058824,86.4,0.791666666666667,1246,-0.376092806365281,0.981637212431463,2.02836157276279,-2.07740221572384
"he_20","he",0.310810810810811,0.269984917043741,0.212669683257919,228.571428571429,0.833333333333333,1100,1.1766678344986,0.562210482815964,-0.324205842488308,0.201534781290862
"he_24","he",0.262939958592132,0.101123595505618,0.200842696629213,233.285714285714,0.625,958,0.49135798377368,-1.56313913313436,-0.458979675327536,0.277102426891228
"he_25","he",0.141372141372141,0.371670702179177,0.335351089588378,119.285714285714,0.75,1784,-1.24898334734387,1.84206452171981,1.07380396916842,-1.55026063944491
"he_27","he",0.133333333333333,0.16289592760181,0.460030165912519,122.333333333333,0.666666666666667,1327,-1.36406536660511,-0.78565023809834,2.49457812902716,-1.50140882814771
"he_30","he",0.18454363757495,0.155228758169935,0.255718954248366,174.363636363636,0.833333333333333,2000,-0.630948567366124,-0.88215200332812,0.16635996556253,-0.66738905544724
"he_31","he",0.272438443208896,0.2117903930131,0.162663755458515,246.333333333333,0.791666666666667,1333,0.627336450275415,-0.170246826959442,-0.894045884232327,0.486249244007395
"he_33","he",0.115646258503401,0.305384615384615,0.511538461538461,82.0833333333333,0.583333333333333,3476,-1.61727010497264,1.00776387887031,3.08153832797383,-2.14659622656902
"he_34","he",0.175762439807384,0.287244401168452,0.427458617332035,111.888888888889,0.583333333333333,2167,-0.75665849422907,0.779444587238594,2.12341068109529,-1.66882805644751
"he_35","he",0.145172656800564,0.272877164056059,0.362737015663644,110.818181818182,0.791666666666667,2610,-1.1945759043965,0.598613348912671,1.38587891597332,-1.68599095606045
"he_36","he",0.193311036789298,0.262023217247098,0.33665008291874,157.818181818182,0.875,2487,-0.505436177919128,0.462001651977896,1.08860658250194,-0.932604428711337
"he_37","he",0.259938837920489,0.301652892561983,0.5,95.25,0.791666666666667,1882,0.448394521370794,0.9607950668554,2.95005236832692,-1.93554113557406
"he_38","he",0.175724637681159,0.467032967032967,0.406593406593407,108.555555555556,0.666666666666667,2292,-0.75719966214815,3.04232844916633,1.88564221880431,-1.72225972505383
"he_39","he",0.178184281842818,0.189612530915087,0.415498763396538,157.636363636364,0.541666666666667,2197,-0.721987872611526,-0.449385413956534,1.98712276552665,-0.935518883362591
"he_40","he",0.184254606365159,0.254620123203285,0.412731006160164,94.6,0.791666666666667,1134,-0.635086282197935,0.368823635013788,1.95558292678116,-1.94596031095229
"he_41","he",0.263219741480611,0.220095693779904,0.226475279106858,216.333333333333,0.666666666666667,1041,0.495363301428414,-0.0657133101404734,-0.166884867534723,0.0053642265505157
"he_43","he",0.105137395459976,0.355140186915888,0.417890520694259,98.5,0.791666666666667,1707,-1.76771295338235,1.63400548282167,2.01437791583288,-1.88344525868289
"he_44","he",0.230769230769231,0.21125,0.20875,234.375,0.708333333333333,1184,0.0308080737509279,-0.177048408709446,-0.368872396427185,0.294563132882222
"he_45","he",0.0977747808496291,0.337070254110613,0.331838565022422,128.090909090909,0.875,2646,-1.87311471845879,1.40657077842567,1.03377717167912,-1.40911776419134
"he_46","he",0.131296449215524,0.199619771863118,0.369771863117871,133.333333333333,0.666666666666667,1972,-1.39322500521658,-0.323430662969825,1.46604416724233,-1.32508432174685
"he_47","he",0.163113006396588,0.244585987261146,0.402547770700637,129.714285714286,0.875,1581,-0.937745333521319,0.242530373911933,1.83954037793327,-1.38309584766228
"he_49","he",0.10888710968775,0.317160826594789,0.556154537286613,153.8,0.791666666666667,2684,-1.71403277058639,1.15598352884647,3.58995858104399,-0.997013876504046
"he_50","he",0.205215419501134,0.168330955777461,0.2339514978602,180.714285714286,0.666666666666667,1100,-0.335015340162713,-0.717243009370174,-0.0816899917675647,-0.565591317985589
"he_52","he",0.136711281070746,0.261351052048726,0.256921373200443,167.25,0.75,1491,-1.31570732089688,0.453541537884265,0.180062070412857,-0.781417093677546
"he_53","he",0.316895715440582,0.13491124260355,0.152662721893491,337,0.708333333333333,1160,1.26377815090689,-1.13787559658645,-1.00801216053137,1.9395906300993
"he_55","he",0.284632034632035,0.229954614220877,0.357034795763994,208.142857142857,0.625,1234,0.801897543940911,0.058374625344365,1.32089955515264,-0.125925016310728
"he_56","he",0.0642424242424242,0.305699481865285,0.474093264248705,107.333333333333,0.958333333333333,1682,-2.35315744249394,1.01172690218241,2.65483346065683,-1.74185133687615
"he_58","he",0.156655844155844,0.384985563041386,0.331087584215592,136.444444444444,0.791666666666667,2151,-1.03018481780492,2.0096501722534,1.02521940756704,-1.27521476438095
"he_59","he",0.188025210084034,0.292367399741268,0.341526520051746,150.285714285714,0.75,1500,-0.581107049492392,0.843924498624284,1.14417577722985,-1.05334612140614
"he_6","he",0.16260162601626,0.344120819848975,0.372168284789644,124.375,0.833333333333333,1874,-0.945066156023194,1.49531174674078,1.49335247018909,-1.46868193112634
"he_60","he",0.364433811802233,0.174404015056462,0.150564617314931,328.222222222222,1,1087,1.94432433321694,-0.640805290603688,-1.03192100600717,1.79888723610265
"he_61","he",0.237442922374429,0.214071856287425,0.205089820359281,176.5,0.791666666666667,996,0.126347350487642,-0.141531505714037,-0.410581789913982,-0.633144213295008
"he_65","he",0.227272727272727,0.253460207612457,0.220588235294118,206.727272727273,0.833333333333333,1831,-0.0192471932474949,0.354224518217548,-0.233970379985526,-0.148616127524061
"he_7","he",0.180497925311203,0.160759493670886,0.210126582278481,192,0.791666666666667,1183,-0.688866200728465,-0.812540167617026,-0.353185622127538,-0.38468695427562
"he_8","he",0.262254901960784,0.176079734219269,0.249169435215947,212.666666666667,0.875,919,0.481550845692604,-0.619714083649529,0.0917252499782403,-0.0534106089164365
"it_1","it",0.18961038961039,0.325854700854701,0.292735042735043,162.111111111111,0.75,1854,-0.558413926344788,1.26540777207231,0.58817494503982,-0.863790916112289
"it_10","it",0.15702479338843,0.331699346405229,0.183006535947712,141.833333333333,0.875,1373,-1.02490301203398,1.33897059310813,-0.662230749641587,-1.18883356680073
"it_11","it",0.163502755664421,0.207174231332357,0.322108345534407,187.333333333333,0.666666666666667,2341,-0.932165758473468,-0.228347506060886,0.922896943609541,-0.459491290324468
"it_12","it",0.163733741392502,0.140896614821592,0.264409881061299,192,0.833333333333333,1739,-0.928859011517985,-1.06254153885754,0.265396986088228,-0.38468695427562
"it_13","it",0.187886279357231,0.264840182648402,0.249619482496195,172,0.666666666666667,1214,-0.583095954874965,0.497456996513116,0.0968537411841638,-0.70527696591354
"it_15","it",0.1578125,0.209647495361781,0.26530612244898,194,0.541666666666667,930,-1.01362635671303,-0.197218111198884,0.275610059862545,-0.352627953111828
"it_17","it",0.190273037542662,0.106427818756586,0.310853530031612,185.111111111111,0.958333333333333,1474,-0.548927586860494,-1.49637826245852,0.794643258133269,-0.495112402728681
"it_19","it",0.161592505854801,0.220670391061453,0.18854748603352,182.666666666667,0.625,1493,-0.959512524850179,-0.0584799624709162,-0.599089130894628,-0.534295626373316
"it_20","it",0.208707671043538,0.203493449781659,0.238427947598253,218.909090909091,0.666666666666667,1943,-0.285020943315829,-0.274675152818089,-0.0306788333339064,0.0466523341099446
"it_22","it",0.279538904899135,0.146,0.178,257.4,0.75,734,0.72898528491048,-0.998308488741749,-0.719282478886203,0.663642383780377
"it_23","it",0.248530646515533,0.297206703910615,0.193296089385475,168.111111111111,0.708333333333333,1775,0.285077062281957,0.904833729726481,-0.544976659606048,-0.767613912620913
"it_25","it",0.282407407407407,0.124731182795699,0.165591397849462,244.8,0.833333333333333,629,0.770050211366518,-1.2660055081961,-0.86068408222835,0.461670676448488
"it_26","it",0.191554467564259,0.218016654049962,0.297501892505677,194.583333333333,0.708333333333333,2169,-0.530582882805431,-0.0918808555044986,0.642495342477149,-0.343277411105722
"it_28","it",0.245106382978723,0.179255918827508,0.344983089064262,223.333333333333,0.833333333333333,1482,0.236055968558076,-0.579737476361253,1.18356493601686,0.117570730623788
"it_29","it",0.115107913669065,0.245709123757904,0.358626919602529,128.444444444444,0.791666666666667,2293,-1.62497694537674,0.256666575738975,1.33904252248747,-1.40345076903612
"it_3","it",0.194915254237288,0.313684210526316,0.366315789473684,91.6,0.583333333333333,1170,-0.482470511571878,1.11222558262983,1.42666065340026,-1.99404881269798
"it_30","it",0.214170692431562,0.275614754098361,0.280737704918033,226.888888888889,0.791666666666667,1703,-0.206813386975883,0.633069646494832,0.45145988377975,0.174564510470529
"it_31","it",0.192919075144509,0.127126230975828,0.233661593554163,179.3,0.958333333333333,1647,-0.511047424927082,-1.23586056627895,-0.0849935817442664,-0.588261611665699
"it_32","it",0.183371298405467,0.214783821478382,0.336122733612273,147.857142857143,0.625,1421,-0.647731547906502,-0.13257045453081,1.08259719993402,-1.0922749085336
"it_33","it",0.253234750462107,0.0899339933993399,0.182343234323432,328.166666666667,0.833333333333333,1579,0.352420103485708,-1.70397550894021,-0.669789370027251,1.79799670829255
"it_34","it",0.22890625,0.54305977710233,0.203647416413374,141.7,0.708333333333333,2122,0.00413800180333081,3.99922935525316,-0.427018631722915,-1.19097083354499
"it_35","it",0.174205378973105,0.211695040710585,0.241302738712065,218.333333333333,0.791666666666667,2115,-0.778949075625752,-0.171446965497301,0.00208070459270381,0.0374232277143077
"it_36","it",0.101351351351351,0.273182957393484,0.360902255639098,167.8,0.75,2360,-1.82191322771771,0.602462174365031,1.36497100015238,-0.772600868357503
"it_37","it",0.186573670444638,0.27438370846731,0.454448017148982,171.777777777778,0.833333333333333,2176,-0.601887009896089,0.617575261307395,2.43096703281482,-0.708839077153961
"it_38","it",0.169573643410853,0.320886814469078,0.326721120186698,98.875,0.75,2027,-0.845256105052857,1.20288015872905,0.975461585764795,-1.87743419596468
"it_39","it",0.32383808095952,0.175166297117517,0.127494456762749,335.4,0.708333333333333,1302,1.36316371136711,-0.631210933109908,-1.29481586328953,1.91394342916826
"it_4","it",0.180451127819549,0.355963302752294,0.319266055045872,216.3,0.833333333333333,2514,-0.689536144557197,1.64436551619611,0.890507764927909,0.00482990986445253
"it_41","it",0.18993288590604,0.140016570008285,0.248550124275062,212.727272727273,0.75,1890,-0.553797131823936,-1.07361810090824,0.0846679232184622,-0.0524391240326852
"it_42","it",0.202614379084967,0.387587822014052,0.327868852459016,129.375,0.75,1804,-0.372251331099114,2.04240314408721,0.988540511299235,-1.38853442821686
"it_43","it",0.321646341463415,0.195505617977528,0.128089887640449,301.8,0.708333333333333,591,1.3317871931459,-0.375212890545989,-1.28803066059186,1.37535220961656
"it_45","it",0.190669371196755,0.231829573934837,0.225563909774436,162.428571428571,0.791666666666667,1492,-0.543253751013941,0.0819735458768374,-0.177270331044466,-0.85870218576883
"it_46","it",0.185333333333333,0.215220949263502,0.210310965630115,175.818181818182,0.791666666666667,1937,-0.619643435804572,-0.127068606258132,-0.351084490893392,-0.64407341823721
"it_47","it",0.182628062360802,0.307901907356948,0.279291553133515,126.285714285714,0.666666666666667,1535,-0.658371571202853,1.03944742533258,0.434980333663941,-1.43805413537164
"it_48","it",0.154761904761905,0.183098591549296,0.245070422535211,205.333333333333,0.75,1106,-1.05729808742906,-0.531372208820517,0.0450151565975214,-0.17096027985034
"it_49","it",0.164102564102564,0.240490797546012,0.222085889570552,200.714285714286,0.666666666666667,1260,-0.923579017018993,0.190986836238392,-0.216903935806648,-0.245001306347669
"it_5","it",0.200149365197909,0.205415499533147,0.327731092436975,154.6,0.625,1907,-0.407539992584772,-0.250483540055906,0.986970673878645,-0.98419027603853
"it_50","it",0.23094688221709,0.227227227227227,0.182182182182182,200.777777777778,0.791666666666667,1551,0.0333512974783301,0.0240467470197024,-0.671624631623858,-0.243983560278978
"it_51","it",0.20609756097561,0.182027649769585,0.204301075268817,229.75,0.75,1922,-0.322386773630624,-0.544851469076686,-0.41956989502581,0.220426692690953
"it_52","it",0.276452599388379,0.203719357565511,0.114961961115807,244.166666666667,0.791666666666667,1762,0.684802332845912,-0.271831795812017,-1.43762928875497,0.451518659413287
"it_53","it",0.186101295641932,0.26917510853835,0.350217076700434,140.5,0.583333333333333,1440,-0.608649436101711,0.552017940318681,1.24320857956746,-1.21020623424326
"it_54","it",0.177591463414634,0.20389249304912,0.233549582947173,195.2,0.791666666666667,1662,-0.73047454643697,-0.269652650047658,-0.0862699929973238,-0.333392552413553
"it_57","it",0.238335435056747,0.188741721854305,0.168046357615894,264.333333333333,0.875,1836,0.139124389222924,-0.460345731488344,-0.832708711360418,0.774780254481522
"it_59","it",0.126237623762376,0.220963172804533,0.380311614730878,144.916666666667,0.583333333333333,2853,-1.46564617082072,-0.0547949056471012,1.58614937803295,-1.13940927333989
"it_6","it",0.180400890868597,0.286684782608696,0.311141304347826,181,0.708333333333333,1498,-0.69025532701922,0.772401025810658,0.797922575917793,-0.561011460676476
"it_7","it",0.128089887640449,0.195876288659794,0.403780068728522,192.2,0.625,2160,-1.43912951981173,-0.370547495386094,1.85358296829312,-0.381481054159241
"it_8","it",0.147317073170732,0.138443935926773,0.196796338672769,140.5,0.875,1760,-1.16387685488264,-1.09341184177634,-0.505089744438965,-1.21020623424326
"it_9","it",0.223579718998167,0.244689221085759,0.387883556254917,178.75,0.708333333333333,2446,-0.0721155845976915,0.243829712135129,1.67243505783176,-0.597077836985742
"no_1","no",0.255188316679477,0.1671826625387,0.186790505675955,300.2,0.666666666666667,1337,0.380386979168042,-0.731695843043208,-0.619110712422212,1.34970500868553
"no_10","no",0.12715033657442,0.148243359040274,0.281062553556127,185.1,0.791666666666667,1871,-1.45257995093979,-0.970072761156204,0.455161680139465,-0.495290508290702
"no_11","no",0.248031496062992,0.183246073298429,0.18499127399651,246.166666666667,0.541666666666667,849,0.2779313210581,-0.529515950228997,-0.639613766768787,0.483577660577079
"no_13","no",0.301439458086367,0.241212121212121,0.107878787878788,261.555555555556,0.875,1200,1.04250936354969,0.200065676571845,-1.51834523405759,0.730253863976256
"no_15","no",0.106090373280943,0.157509157509158,0.373626373626374,156.181818181818,0.666666666666667,2450,-1.75407030743054,-0.853450073154391,1.50996804838456,-0.958834520572621
"no_16","no",0.208230958230958,0.198603568657874,0.301008533747091,209.666666666667,0.666666666666667,2118,-0.291845471630795,-0.336220963746337,0.682455096836753,-0.101499110662124
"no_18","no",0.199108469539376,0.24860853432282,0.326530612244898,148.4,0.75,998,-0.422441253274907,0.293159604897431,0.973290662070643,-1.08357317964628
"no_2","no",0.236386138613861,0.23581847649919,0.166936790923825,279.583333333333,0.708333333333333,1805,0.111218638805324,0.132179315060611,-0.845352722939661,1.01923013835544
"no_22","no",0.333993399339934,0.186323092170466,0.107036669970268,312.363636363636,0.833333333333333,1272,1.50854528284099,-0.490787478733064,-1.52794154644019,1.54468202485441
"no_24","no",0.159957627118644,0.238335435056747,0.283732660781841,207.142857142857,0.583333333333333,1336,-0.982917132261615,0.163858665044016,0.485588753087009,-0.141954516892624
"no_26","no",0.215808170515098,0.262740656851642,0.212910532276331,213.875,0.75,1403,-0.183371567810706,0.471031606108875,-0.321461259580927,-0.0340416290466454
"no_27","no",0.231848688224527,0.138204924543288,0.165210484511517,246,0.791666666666667,1710,0.0462613776564808,-1.09642012542277,-0.865024761062794,0.480906077146763
"no_30","no",0.270061728395062,0.154334038054968,0.391120507399577,186,0.708333333333333,880,0.59331186122394,-0.893413274028867,1.70932157222253,-0.480863957766996
"no_33","no",0.162538699690402,0.293900184842884,0.284658040665434,169.6,0.791666666666667,926,-0.945966997119217,0.863216685830802,0.4961338731298,-0.74374776731009
"no_34","no",0.18900675024108,0.208085612366231,0.143876337693222,226.857142857143,0.666666666666667,1179,-0.567055510668031,-0.216876535013854,-1.10813696092593,0.174055637436183
"no_36","no",0.261021693491952,0.214962121212121,0.238636363636364,274.454545454545,0.625,1603,0.463896472049385,-0.130326309648047,-0.0283038388265882,0.937018230067985
"no_38","no",0.325129533678756,0.198656429942418,0.177543186180422,289.181818181818,0.666666666666667,1396,1.38165189842079,-0.335555632516065,-0.724488077851622,1.17308905681954
"no_4","no",0.192331101643335,0.259984928409947,0.177844762622457,201.416666666667,0.791666666666667,1841,-0.519464739715601,0.436347012077095,-0.72105147863468,-0.233742490462766
"no_40","no",0.229050279329609,0.181159420289855,0.120772946859903,235.75,0.791666666666667,1066,0.0061998977963961,-0.55577931906917,-1.37141049221003,0.316603696182329
"no_42","no",0.0970464135021097,0.425233644859813,0.285046728971963,122.857142857143,0.875,1947,-1.88354188436595,2.5162270748641,0.500563151228707,-1.493012423081
"no_43","no",0.15609756097561,0.204238921001927,0.25626204238921,220.444444444444,0.833333333333333,1649,-1.03817709170806,-0.26529238264156,0.17254869922808,0.0712632844983103
"no_44","no",0.118556701030928,0.0935672514619883,0.311111111111111,161.428571428571,0.625,1339,-1.57560477332216,-1.65824600997763,0.797578510403419,-0.874731686350726
"no_46","no",0.210743801652893,0.180628272251309,0.255671902268761,194,0.625,1778,-0.255872091785492,-0.562464540228487,0.165823787089252,-0.352627953111828
"no_47","no",0.287099179716629,0.117154811715481,0.174686192468619,316.7,0.875,1280,0.837216715237817,-1.36136445255923,-0.757044806376428,1.61419176828681
"no_49","no",0.171790235081374,0.274017467248908,0.387554585152838,128.25,0.541666666666667,1998,-0.813523807915048,0.612965616980414,1.66868628414051,-1.40656761637149
"no_53","no",0.322818086225026,0.271739130434783,0.156832298136646,285.857142857143,0.791666666666667,903,1.34856166425829,0.584289646492913,-0.960497963614846,1.11979617176805
"no_54","no",0.195583596214511,0.215686274509804,0.309803921568627,171.571428571429,0.708333333333333,1275,-0.472902657242661,-0.121211854549035,0.782682497545817,-0.712146751877209
"no_55","no",0.0810092961487384,0.250722543352601,0.397398843930636,185.454545454545,0.833333333333333,2725,-2.11312615099425,0.319767286506427,1.78086604121614,-0.489607321720757
"no_57","no",0.304752066115702,0.261515601783061,0.12481426448737,345.428571428571,0.791666666666667,932,1.08993201864937,0.45561262030555,-1.32535785991463,2.07469642071814
"no_6","no",0.264469453376206,0.12896174863388,0.309289617486339,239.666666666667,0.75,1454,0.513253934933472,-1.2127580777157,0.776821771175613,0.379385906794755
"no_9","no",0.204724409448819,0.156765676567657,0.284653465346535,192.636363636364,0.708333333333333,1923,-0.342044544993227,-0.862807792963117,0.496081735312794,-0.374486362996232
"ru_10","ru",0.13953488372093,0.111226611226611,0.227650727650728,231.875,0.791666666666667,1382,-1.27528517211489,-1.43597892624409,-0.15349010261818,0.254489381427482
"ru_11","ru",0.237569060773481,0.138888888888889,0.204106280193237,231.375,0.75,1202,0.128153123383219,-1.08781150299814,-0.421789672537901,0.246474631136534
"ru_12","ru",0.205882352941176,0.185185185185185,0.311111111111111,151.833333333333,0.708333333333333,1293,-0.32546765017902,-0.505109587266411,0.797578510403419,-1.02853856098178
"ru_13","ru",0.255982596084119,0.139376218323587,0.131578947368421,265.3,0.833333333333333,1331,0.391757729321858,-1.08167779862202,-1.24827125548672,0.790275438377356
"ru_14","ru",0.243150684931507,0.158371040723982,0.294117647058824,206.8,0.541666666666667,758,0.208058574012465,-0.842602099545423,0.603930343254591,-0.147450345663559
"ru_15","ru",0.172848145556333,0.120981387478849,0.261421319796954,201.090909090909,0.541666666666667,1802,-0.798378966407684,-1.31320178715427,0.231340986118377,-0.238964221712929
"ru_16","ru",0.163907284768212,0.291089108910891,0.447524752475248,123,0.75,1161,-0.926374598155991,0.827835468284671,2.35207331752348,-1.49072249442644
"ru_17","ru",0.239013933547696,0.202816901408451,0.232394366197183,191,0.791666666666667,1199,0.148837642235954,-0.283190435134213,-0.0994342075216202,-0.400716454857516
"ru_18","ru",0.256900212314225,0.0971428571428571,0.167142857142857,233.142857142857,0.708333333333333,945,0.404894145586272,-1.61324214472653,-0.843004505677772,0.274812498236672
"ru_2","ru",0.141304347826087,0.108170310701956,0.322209436133487,191.375,0.583333333333333,1375,-1.24995386662175,-1.47444662913268,0.924048916460252,-0.394705392139305
"ru_20","ru",0.166446499339498,0.337559429477021,0.263074484944533,206.333333333333,0.666666666666667,1017,-0.890023694043036,1.41272771636538,0.250179546628336,-0.154930779268444
"ru_21","ru",0.253897550111359,0.123880597014925,0.23134328358209,277.714285714286,0.75,998,0.361908614920893,-1.27671128821744,-0.111411766735479,0.989270238458321
"ru_22","ru",0.39945836154367,0.121758737316798,0.084554678692221,383.818181818182,0.708333333333333,1104,2.44572900521578,-1.30341778117532,-1.78413395026403,2.69006270279715
"ru_24","ru",0.228730822873082,0.260397830018083,0.370705244122966,169.166666666667,0.666666666666667,1041,0.00162662102381371,0.441543940931397,1.47668046366383,-0.750693884228912
"ru_25","ru",0.159533073929961,0.141975308641975,0.266975308641975,244.166666666667,0.75,1002,-0.988994953500979,-1.04896470861603,0.294631187391881,0.451518659413287
"ru_26","ru",0.225201072386059,0.189446366782007,0.327854671280277,198.181818181818,0.791666666666667,2000,-0.0489046034529942,-0.451476815783836,0.988378910388293,-0.28559549613299
"ru_27","ru",0.167760758570387,0.131463628396144,0.191060473269062,214.3,0.791666666666667,1606,-0.871209013384758,-1.18126851489903,-0.570452510913328,-0.0272290912993394
"ru_29","ru",0.226254002134472,0.122758620689655,0.193103448275862,196.714285714286,0.916666666666667,1068,-0.0338310650624033,-1.29083288770688,-0.547171891707005,-0.309119308675253
"ru_30","ru",0.216510903426791,0.196819085487078,0.332007952286282,208.8,0.75,919,-0.173311379523013,-0.358681113810167,1.03570741574731,-0.115391344499767
"ru_31","ru",0.125668449197861,0.201070336391437,0.281345565749235,163.636363636364,0.75,2174,-1.47379436367224,-0.30517333361167,0.45838673138903,-0.839341879871215
"ru_32","ru",0.249180327868852,0.0676855895196507,0.203056768558952,245.777777777778,0.916666666666667,1241,0.294377774732785,-1.98400196029385,-0.43374932971876,0.477343965906342
"ru_33","ru",0.178064516129032,0.149136577708006,0.263736263736264,192.833333333333,0.875,990,-0.723702415378841,-0.95883038821294,0.257720813652081,-0.37132903712404
"ru_34","ru",0.279955207166853,0.245723172628305,0.276827371695179,160.666666666667,0.708333333333333,1134,0.734944987563002,0.256843399898815,0.406899877696417,-0.886944639175028
"ru_35","ru",0.191297824456114,0.154916512059369,0.157699443413729,276.8,0.875,1486,-0.534256935845667,-0.886082045715135,-0.950616453109263,0.974614695069159
"ru_36","ru",0.238600212089077,0.190807799442897,0.253481894150418,257.285714285714,0.833333333333333,1112,0.142914885946758,-0.434341332319604,0.140867659436097,0.661810440856732
"ru_37","ru",0.26824644549763,0.133419689119171,0.169689119170984,255.625,0.791666666666667,1074,0.567324622772881,-1.15664882775816,-0.813988704466769,0.635190020247512
"ru_4","ru",0.3196894848271,0.158713692946058,0.169087136929461,367,0.833333333333333,1308,1.3037732124631,-0.838289354850779,-0.820848562902256,2.42047564755618
"ru_40","ru",0.333574529667149,0.136807817589577,0.140065146579805,294,0.791666666666667,1202,1.50254882571467,-1.11400461842843,-1.15156719807454,1.25032210507777
"ru_43","ru",0.214570858283433,0.235069885641677,0.283354510800508,194.714285714286,0.75,1401,-0.201084690127991,0.122757280002342,0.481279563944221,-0.341178309839045
"ru_44","ru",0.171384850803366,0.238227146814404,0.261311172668513,191.2,0.708333333333333,1937,-0.819327210741024,0.162495710092714,0.230085810041641,-0.397510554741137
"ru_46","ru",0.165703275529865,0.196304849884527,0.177829099307159,157.625,0.958333333333333,1620,-0.900663542185033,-0.365153468938235,-0.721229969158417,-0.935701036778294
"ru_47","ru",0.332436069986541,0.141129032258065,0.165322580645161,322.833333333333,0.875,681,1.48625085737666,-1.05961624901112,-0.863747375195034,1.71250603852244
"ru_48","ru",0.211453744493392,0.192178770949721,0.252513966480447,214.75,0.791666666666667,1442,-0.245708687553133,-0.417085789493305,0.129837688228004,-0.0200158160374864
"ru_49","ru",0.243781094527363,0.228618421052632,0.268092105263158,194.5,0.833333333333333,1030,0.217083395715206,0.0415568152555953,0.307357587265655,-0.34461320282088
"ru_50","ru",0.191004313000616,0.2003046458492,0.333587204874334,178.666666666667,0.666666666666667,2351,-0.538458789007471,-0.314810591481364,1.05370370939293,-0.5984136287009
"ru_51","ru",0.198838896952104,0.184782608695652,0.283514492753623,157.3,0.916666666666667,1868,-0.426300402234666,-0.510176560446687,0.483102630265618,-0.94091062446741
"ru_52","ru",0.20343137254902,0.194615384615385,0.283076923076923,211.833333333333,0.75,2223,-0.360555410869091,-0.386417689354286,0.478116326964998,-0.0667685260680162
"ru_53","ru",0.214439655172414,0.204389574759945,0.229080932784636,214.428571428571,0.791666666666667,1189,-0.202962968459377,-0.263396199999915,-0.137192271759439,-0.0251681555102389
"ru_54","ru",0.133511348464619,0.311248073959938,0.39060092449923,115.272727272727,0.958333333333333,2859,-1.36151693645619,1.08156348743485,1.70340069134594,-1.61458681710473
"ru_55","ru",0.22009253139458,0.0864406779661017,0.254237288135593,263,0.666666666666667,1690,-0.122037487077038,-1.7479436393966,0.149475713700629,0.753407587038995
"ru_56","ru",0.227833894500561,0.200581395348837,0.242732558139535,176.857142857143,0.666666666666667,1360,-0.0112136318773777,-0.311327322267254,0.0183741401530671,-0.627419391658616
"ru_8","ru",0.210762331838565,0.172727272727273,0.269318181818182,166.125,0.875,1438,-0.255606817235561,-0.661909375499677,0.321329281143607,-0.799450281832178
"ru_9","ru",0.163145539906103,0.20476858345021,0.319775596072931,176.285714285714,0.75,1231,-0.937279590098843,-0.25862585965815,0.896314214141185,-0.636579106276843
"sp_1","sp",0.187568157033806,0.228187919463087,0.484563758389262,146.428571428571,0.875,1681,-0.587650132456407,0.0361383666750097,2.77414945139436,-1.11517419507917
"sp_11","sp",0.265395894428152,0.379241516966068,0.165668662674651,212.8,0.875,943,0.52651668563853,1.93735353256719,-0.859803614788824,-0.0512733421721834
"sp_13","sp",0.277264325323475,0.249360613810742,0.260869565217391,266.25,0.666666666666667,1219,0.696422844151392,0.302625549118752,0.225053494485147,0.805503463930157
"sp_15","sp",0.292847503373819,0.215648854961832,0.286259541984733,235.5,0.708333333333333,908,0.919508603617656,-0.121682830502478,0.514383701076258,0.312596321036855
"sp_17","sp",0.190533980582524,0.302848575712144,0.31784107946027,181.166666666667,0.833333333333333,1270,-0.545191976830433,0.975844367079064,0.874269527124566,-0.55833987724616
"sp_2","sp",0.311439114391144,0.188638799571275,0.195069667738478,266.5,0.916666666666667,1430,1.18566250689091,-0.461641148536584,-0.524765936454069,0.809510839075631
"sp_21","sp",0.317638266068759,0.161007667031763,0.1960569550931,290.7,0.875,1272,1.27440836191353,-0.809416568012183,-0.513515352930696,1.19742475315751
"sp_24","sp",0.284789644012945,0.17420814479638,0.425339366515837,205.8,0.875,894,0.804153849318788,-0.643270584480632,2.09926086472926,-0.163479846245455
"sp_26","sp",0.357864357864358,0.260674157303371,0.391011235955056,218.8,0.75,967,1.8502773027412,0.445021896003127,1.70807637495797,0.0449036613191925
"sp_28","sp",0.307266009852217,0.246222222222222,0.205333333333333,269.916666666667,0.583333333333333,1877,1.12592115038513,0.263124618434304,-0.407806850033743,0.864278299397109
"sp_29","sp",0.259365994236311,0.250324254215305,0.374837872892348,216.5,0.541666666666667,1513,0.440193802112665,0.314754275490765,1.5237736274964,0.00803580998083155
"sp_3","sp",0.25,0.223529411764706,0.333333333333333,170.6,0.625,1070,0.306112042242251,-0.0224952947074236,1.05081072898265,-0.727718266728194
"sp_32","sp",0.198776758409786,0.342748091603053,0.232824427480916,182.5,0.833333333333333,2228,-0.427189965574087,1.47803409296134,-0.0945334657364075,-0.536967209803632
"sp_34","sp",0.175219023779725,0.32701062215478,0.194233687405159,151,0.791666666666667,3136,-0.764437932854798,1.27995661528172,-0.534292308406339,-1.04189647813336
"sp_35","sp",0.218832891246684,0.307300509337861,0.224108658743633,138.333333333333,0.75,1325,-0.140070251519549,1.03187801253124,-0.193853571164862,-1.24493681883737
"sp_36","sp",0.217814892136395,0.282918149466192,0.313167259786477,158.272727272727,0.708333333333333,2188,-0.154643729658676,0.724992819893956,0.821009249489042,-0.925318292083202
"sp_37","sp",0.24198250728863,0.25,0.165384615384615,248.8,0.625,768,0.191335169081145,0.310673094758013,-0.863040461433492,0.525788678776072
"sp_38","sp",0.326511627906977,0.316298342541436,0.367403314917127,257.625,0.875,1424,1.4014376917654,1.14512799286666,1.43905349503645,0.667249021411304
"sp_4","sp",0.222222222222222,0.138095238095238,0.353968253968254,246.25,0.75,2067,-0.0915492455785496,-1.0978006786964,1.28595493194909,0.484913452292237
"sp_42","sp",0.309813983322643,0.196096654275093,0.210966542750929,379.5,0.875,1510,1.16239744520211,-0.367773894116256,-0.343613894699475,2.62084440482988
"sp_44","sp",0.317629179331307,0.224944320712695,0.216035634743875,208,0.958333333333333,735,1.2742782779397,-0.00468673936851394,-0.285849311179458,-0.128214944965284
"sp_45","sp",0.194280908326325,0.303757828810021,0.354906054279749,156.888888888889,0.625,1999,-0.491551684799472,0.987288555154651,1.29664158835498,-0.94750053026219
"sp_46","sp",0.371967654986523,0.30758226037196,0.363376251788269,310.444444444444,0.833333333333333,1377,2.05217737340151,1.03542423286555,1.39316329916488,1.51391833686895
"sp_48","sp",0.233713901947616,0.153374233128834,0.202453987730061,258.909090909091,0.75,1792,0.0729634161391222,-0.905493725683306,-0.440618288416525,0.687832357385784
"sp_5","sp",0.2125,0.22010582010582,0.367195767195767,167.555555555556,0.583333333333333,1915,-0.23073069631583,-0.0655858565430475,1.43668839538911,-0.776519190721966
"sp_50","sp",0.22320819112628,0.260105448154657,0.380492091388401,159.454545454545,0.666666666666667,2377,-0.0774343056695515,0.437863917137418,1.58820599073033,-0.906374336850053
"sp_51","sp",0.188277087033748,0.24617067833698,0.263676148796499,178.75,0.833333333333333,1919,-0.577501227853346,0.26247586846773,0.257035776871593,-0.597077836985742
"sp_53","sp",0.171232876712329,0.332644628099174,0.31198347107438,113.4,0.541666666666667,1127,-0.821502842400293,1.35086825011383,0.807519444603843,-1.64460570001264
"sp_54","sp",0.213562753036437,0.216216216216216,0.204633204633205,142.285714285714,0.75,1594,-0.215516529636046,-0.114541816721899,-0.415785131514849,-1.18158212606131
"sp_55","sp",0.272849462365591,0.275415896487985,0.230129390018484,205.363636363636,0.75,1980,0.633220520933554,0.630566752747522,-0.125244629945866,-0.170474537408464
"sp_57","sp",0.27,0.284931506849315,0.224657534246575,162.272727272727,0.875,2329,0.592428169473228,0.750333663504641,-0.18759888790484,-0.861200289755619
"sp_59","sp",0.287391841779975,0.129228100607112,0.14570685169124,340.416666666667,0.875,1544,0.841406408666048,-1.20940567552638,-1.0872774304873,1.99435809042078
"sp_60","sp",0.208615384615385,0.139968895800933,0.325816485225505,213.916666666667,0.708333333333333,2038,-0.286342097951077,-1.07421814571047,0.965152863444577,-0.0333737331890666
"sp_62","sp",0.354032258064516,0.17103620474407,0.18976279650437,299.222222222222,0.666666666666667,1255,1.79541770404854,-0.683193768254086,-0.585240121388812,1.33403171922767
"sp_63","sp",0.173971679028995,0.466938775510204,0.24734693877551,97.8333333333333,0.833333333333333,3301,-0.782294678772334,3.04114292062192,0.0709570832148364,-1.89413159240416
"sp_8","sp",0.146603900470746,0.188337273443656,0.271079590228526,208.272727272727,0.791666666666667,2155,-1.17408649715797,-0.465436265344251,0.341401322324512,-0.123843262988403
"sp_9","sp",0.282334384858044,0.21978021978022,0.252747252747253,217.6,0.833333333333333,788,0.769004834689808,-0.0696839799064356,0.132496090178833,0.025668260620917
"tr_10","tr",0.238683127572016,0.136936936936937,0.228828828828829,236.333333333333,0.708333333333333,782,0.144101887944888,-1.11237947566143,-0.140065109741319,0.325954238188435
"tr_12","tr",0.187295350360183,0.308622078968574,0.190975020145044,158.909090909091,0.791666666666667,2727,-0.591555579970126,1.04851176549197,-0.571426287701409,-0.915117700803814
"tr_13","tr",0.252491694352159,0.245925925925926,0.22962962962963,127.571428571429,0.666666666666667,1502,0.341782656099931,0.259395326173621,-0.130939624387112,-1.41744477748063
"tr_14","tr",0.254147312541473,0.227758007117438,0.22864768683274,218.363636363636,0.833333333333333,1872,0.365484165506803,0.0307273345310248,-0.142129304270951,0.0379089701561833
"tr_16","tr",0.364425162689805,0.15358361774744,0.267918088737201,307.714285714286,0.75,891,1.94420051419822,-0.902858335206159,0.305374590673471,1.4701552559152
"tr_18","tr",0.363026235509457,0.112068965517241,0.279693486590038,306.916666666667,0.583333333333333,1500,1.92417374357045,-1.42537675073239,0.439560546205189,1.45736982092726
"tr_2","tr",0.244730679156909,0.265116279069767,0.217054263565891,186.5,0.833333333333333,1100,0.230677465395682,0.500932045848095,-0.274241577536602,-0.472849207476048
"tr_23","tr",0.202346041055718,0.229779411764706,0.277573529411765,184.6,0.583333333333333,883,-0.376092806365281,0.0561694639163599,0.415402680525565,-0.50330525858165
"tr_29","tr",0.20746887966805,0.385689354275742,0.24956369982548,165.833333333333,0.583333333333333,1282,-0.30275524076968,2.01850834306494,0.0962180725583107,-0.804125552835231
"tr_3","tr",0.165867689357622,0.201149425287356,0.219540229885057,149.75,0.791666666666667,1519,-0.898309825663701,-0.304177892186503,-0.245912873052397,-1.06193335386073
"tr_30","tr",0.139479905437352,0.135531135531136,0.294871794871795,172.111111111111,0.625,2024,-1.27607223057668,-1.13007340018308,0.612524196826285,-0.703495910293329
"tr_34","tr",0.0872801082543978,0.128984432913269,0.336545589325426,164.272727272727,0.75,2207,-2.02335441915998,-1.21247256517767,1.08741583100115,-0.829141288591827
"tr_36","tr",0.0824931255728689,0.352647352647353,0.385614385614386,113.75,0.541666666666667,2015,-2.09188393628483,1.60262976985792,1.64657683762811,-1.63899537480898
"tr_37","tr",0.188556566970091,0.262820512820513,0.408653846153846,155.166666666667,0.75,1258,-0.573500247202719,0.472036702191416,1.90912185445554,-0.975106892375455
"tr_39","tr",0.28875,0.216168717047452,0.133567662565905,266.5,0.625,807,0.860849538752268,-0.11513965842521,-1.22560895121557,0.809510839075631
"tr_42","tr",0.319258496395469,0.381240544629349,0.190620272314675,229.857142857143,0.625,1172,1.29760326553181,1.96251401714549,-0.575468798806839,0.222144139181871
"tr_49","tr",0.287081339712919,0.26510067114094,0.286912751677852,197,0.75,1145,0.836961321199205,0.500735598815478,0.521827319366634,-0.30453945136614
"tr_52","tr",0.172248803827751,0.293352601156069,0.235549132947977,185.333333333333,0.833333333333333,1322,-0.806959026538458,0.856324599662872,-0.0634842212684618,-0.49155029148826
