"uniform_id","prog_dur","reread_dur","lookback_dur","prog_z","reread_z","lookback_z","skip","reg.in","refix","rate","comprehension_score","Cluster_H3F"
"du_10",243.45321307779,582.292372881356,386.555555555556,-0.788949386507383,-0.403331392801016,-0.101098993335429,0.309791332263242,0.281395348837209,0.174418604651163,262,-0.466908870443887,1
"du_11",256.805057955743,661.003134796238,406.8,-0.541788791482265,0.155746529792179,0.00584626732401612,0.2,0.233552631578947,0.290570175438596,201.625,-0.168237677458048,2
"du_12",226.643010752688,615.346733668342,696,-1.10012882628844,-0.168548207988015,1.53360216438441,0.290625,0.354625550660793,0.136563876651982,226.8,-0.0305353435964569,2
"du_13",306.178879310345,567.692307692308,397.333333333333,0.372187005586655,-0.507034799006705,-0.0441632618098191,0.174111212397448,0.179911699779249,0.327814569536424,196.375,-0.016484616010295,2
"du_14",249.454761904762,780.149643705463,480.833333333333,-0.67785265098464,1.00203719023878,0.396941915937564,0.330598851517637,0.26593137254902,0.0477941176470588,197.333333333333,0.148552671459048,2
"du_18",277.281690140845,632.334905660377,368.888888888889,-0.162738806911413,-0.0478822193112184,-0.194426635733079,0.293393057110862,0.26148969889065,0.117274167987322,216.428571428571,-0.137788179277855,2
"du_19",293.034534534535,640.405172413793,604.8,0.128867516354936,0.00944041181960222,1.05182022174296,0.201226993865031,0.324116743471582,0.221198156682028,179.5,0.369925196610743,2
"du_20",251.642441860465,568.798742138365,362.333333333333,-0.637355754524362,-0.499175860069536,-0.229057647691956,0.292759706190976,0.200296735905045,0.261127596439169,265.857142857143,-0.473412354138192,1
"du_21",292.731958762887,683.37037037037,382.333333333333,0.12326643212693,0.314619691412204,-0.123403712902163,0.349659863945578,0.205020920502092,0.102510460251046,239.8,0.106671366403784,2
"du_22",323.061957868649,650.473372781065,323.25,0.684715482397885,0.0809542481571738,-0.435523045260341,0.32597623089983,0.214105793450882,0.188916876574307,225.75,0.167515553828204,2
"du_23",341.581367924528,968.866071428571,798.666666666667,1.02753465463703,2.34247890117965,2.07595902963868,0.157291666666667,0.378244746600742,0.273176761433869,108.571428571429,1.73654524110031,3
"du_24",239.928070175439,566.550561797753,195.25,-0.854204519806043,-0.515144553090236,-1.11170822791501,0.359908883826879,0.112099644128114,0.151245551601424,327.166666666667,-0.829737642223992,1
"du_25",485.717391304348,1024.27461139896,569.571428571429,3.69568618191671,2.73604250883559,0.865718362320368,0.204030226700252,0.204113924050633,0.251582278481013,115.5,2.55880273411347,3
"du_27",272.427286356822,576.396946564886,383.4,-0.252600345801267,-0.44520625994279,-0.117768836380041,0.326824254881809,0.351145038167939,0.140458015267176,269.142857142857,-0.269932667217356,1
"du_28",285.483713355049,690.4,473.181818181818,-0.0109083328036808,0.364550738124507,0.356521281794499,0.249061326658323,0.42,0.17,184.166666666667,0.211958272854229,2
"du_29",331.0234375,760.013824884793,581.888888888889,0.832093171470224,0.859013650863731,0.930787769778209,0.280834914611006,0.340369393139842,0.215039577836412,187.625,0.869777694780672,3
"du_31",256.2925,614.564102564103,313.333333333333,-0.551276928176802,-0.174107190791256,-0.487909787926947,0.393241167434716,0.210126582278481,0.0658227848101266,257,-0.419115864886182,1
"du_32",250.725557461407,563.586956521739,388,-0.654328517143465,-0.536194867441045,-0.0934684313783887,0.306071871127633,0.244642857142857,0.191071428571429,245.333333333333,-0.450630396503216,1
"du_33",256.855569155447,851.615044247788,680.2,-0.540853761283191,1.50965173621028,1.45013555590048,0.24633431085044,0.413748378728923,0.197146562905318,141.625,0.67159468311995,3
"du_34",260.48899188876,627.411764705882,226.444444444444,-0.473594222773541,-0.0828510005872656,-0.946917437958155,0.234290843806104,0.134818288393904,0.164126611957796,253.625,-0.498368220673043,1
"du_35",225.326829268293,517.415,218.571428571429,-1.12449311465592,-0.864151564927371,-0.988508193240486,0.346952010376135,0.285998013902681,0.0933465739821251,335.636363636364,-1.00559517331272,1
"du_36",243.038961038961,631.513944223108,404.8,-0.796617748545986,-0.0537134602204884,-0.00471912615496311,0.364978902953586,0.305647840531561,0.106312292358804,242.857142857143,-0.33617687533103,1
"du_38",327.095168374817,910.545762711864,713.5,0.759375629941393,1.92823317100123,1.62604935732548,0.336623889437315,0.46577380952381,0.099702380952381,160,1.37003501047457,3
"du_4",271.735766423358,553.714285714286,392.6,-0.265401309247816,-0.606319868790244,-0.0691680263767364,0.305241521068859,0.201183431952663,0.285502958579882,273.285714285714,-0.30880689224922,1
"du_40",290.282894736842,653.622754491018,528.875,0.0779309651959657,0.103324121615616,0.650731471797211,0.27710843373494,0.216666666666667,0.23,215.166666666667,0.257389064102234,2
"du_41",224.563775510204,473.930434782609,273.916666666667,-1.13861826534552,-1.1730198796935,-0.696136084408496,0.14027149321267,0.234210526315789,0.205263157894737,240.428571428571,-1.01619409536881,1
"du_42",266.165662650602,508.959731543624,405.181818181818,-0.368511416907856,-0.924208840559771,-0.00270209649079438,0.179874213836478,0.26840490797546,0.208588957055215,222.333333333333,-0.425477847878312,1
"du_43",233.794489092997,568.992805755396,237.1,-0.967745349843281,-0.497797437586751,-0.890627369367372,0.373906705539359,0.336437718277066,0.131548311990687,284.6,-0.803625582023549,1
"du_44",297.733156028369,636.067193675889,607.2,0.215845315665016,-0.0213719965733361,1.06449869391774,0.176029962546816,0.181818181818182,0.225454545454545,193.1,0.399276135469326,2
"du_45",219.738980121003,525.580448065173,224.666666666667,-1.22793171305031,-0.806152866525031,-0.956308898828359,0.168279970215934,0.224709042076992,0.203222918531782,209.9,-1.01991121482614,1
"du_46",308.08963911525,614.284210526316,313.666666666667,0.407557737844813,-0.176095247509668,-0.486148889013783,0.262608695652174,0.133254716981132,0.129716981132075,241.25,-0.0356501458191102,2
"du_47",219.495192307692,428,243,-1.23244455315207,-1.49926106244093,-0.859459458604383,0.37705918242831,0.121449559255632,0.117531831537708,407.666666666667,-1.20059397757442,1
"du_48",247.10662358643,579.850746268657,235.8,-0.721319847410701,-0.420674123339596,-0.897494875128708,0.335176991150442,0.24459234608985,0.19134775374376,292.714285714286,-0.683978638504771,1
"du_49",243.588397790055,566.354545454545,283.666666666667,-0.786446935780378,-0.516536845672452,-0.644629791198472,0.214525139664804,0.108108108108108,0.17923186344239,267.142857142857,-0.662928765373428,1
"du_5",220.142857142857,478.920634920635,238.8,-1.22045540652106,-1.13757478097232,-0.881646784910239,0.29324055666004,0.343178621659634,0.177215189873418,293.875,-1.09394863237319,1
"du_50",239.90450928382,558.802631578947,291.333333333333,-0.854640663578315,-0.570177646732641,-0.604129116195718,0.256324900133156,0.21307072515667,0.186213070725157,235.909090909091,-0.694148294309834,1
"du_51",255.859259259259,617.552123552124,332,-0.559296796610671,-0.15288345307094,-0.389299448789807,0.133333333333333,0.255384615384615,0.373846153846154,176.5,-0.386373589202493,1
"du_53",315.028428093645,788.365,781.777777777778,0.536004048323284,1.06039038386533,1.98674015137174,0.21399730820996,0.296232876712329,0.251712328767123,164,1.12854077990044,3
"du_54",251.592841163311,428.617283950617,239.545454545455,-0.638273930097427,-1.49487653076616,-0.877708774613529,0.274380165289256,0.110478359908884,0.16628701594533,303.888888888889,-0.967085163652878,1
"du_55",188.706496519722,416.46218487395,306,-1.80238469554901,-1.58121348616302,-0.526649564016537,0.28649138712602,0.266836086404066,0.188055908513342,319.333333333333,-1.35331279327347,1
"du_56",339.826484018265,622.320512820513,543.75,0.99504939477693,-0.11901386393941,0.729311585797119,0.3265625,0.180974477958237,0.178654292343387,221.8,0.581109074468085,2
"du_57",184.254851228978,436.908045977012,236.666666666667,-1.88479063337696,-1.43598773465155,-0.892916537954484,0.353195164075993,0.180240320427236,0.0787716955941255,397.111111111111,-1.45258753513259,1
"du_6",247.746861924686,610.846808510638,247.666666666667,-0.709468175219492,-0.200510912296661,-0.834806873820098,0.392717815344603,0.285867237687366,0.123126338329764,301.636363636364,-0.594382605922825,1
"du_7",230.526785714286,517.321782178218,299.166666666667,-1.02823493153258,-0.864813685644827,-0.562747991736383,0.2173017507724,0.260526315789474,0.222368421052632,254.875,-0.839562475827395,1
"du_8",217.650943396226,539.374695863747,545.142857142857,-1.26658407937477,-0.708173133952982,0.736669627684265,0.311755952380952,0.277837837837838,0.136216216216216,263.1,-0.498084683630524,1
"ee_1",225.879041916168,501.215384615385,290.28,-1.11427091630979,-0.979216482299579,-0.609693556761314,0.321008403361345,0.221534653465347,0.121287128712871,309.444444444444,-0.922381378242183,1
"ee_12",250.558370044053,581.174089068826,291.777777777778,-0.657423380956786,-0.411274497092841,-0.601781250978167,0.354744525547445,0.311085972850679,0.0927601809954751,278.6,-0.566886076804017,1
"ee_14",303.540137614679,742.22962962963,491.5,0.323340350043546,0.732693555665055,0.453290681158786,0.278757346767422,0.231664726426077,0.162980209545984,200.777777777778,0.48513141106457,2
"ee_15",288.080193236715,695.127659574468,456.960784313725,0.0371559997578101,0.398131026630413,0.270830479068375,0.188102893890675,0.299009900990099,0.26039603960396,167.222222222222,0.215550851612761,2
"ee_16",240.693710118505,617.986928104575,281.345238095238,-0.840031495356383,-0.149795061852194,-0.656893194343716,0.299870466321244,0.224791859389454,0.129509713228492,261.363636363636,-0.578019075001326,1
"ee_19",203.456764295676,502.005905511811,331.857142857143,-1.52933741304914,-0.973601458765459,-0.390054119752592,0.141592920353982,0.217231222385862,0.227540500736377,239.833333333333,-1.02083163877507,1
"ee_2",253.464114832536,557.005464480874,318.358024691358,-0.603634139284384,-0.582942819160143,-0.461365867272968,0.373780487804878,0.190847127555988,0.0876338851022395,316.583333333333,-0.554746261643687,1
"ee_21",283.13856427379,692.415335463259,433.757961783439,-0.0543201944336606,0.378865547646304,0.148257004140678,0.21684350132626,0.262489415749365,0.168501270110076,203,0.13640868776263,2
"ee_22",279.00823723229,674.65306122449,379.022222222222,-0.130778099581368,0.252701156140599,-0.140895308772918,0.332589285714286,0.352842809364548,0.100334448160535,220.666666666667,-0.0187694856222429,2
"ee_24",211.456674473068,644.486404833837,558.529411764706,-1.38124832291474,0.0384291661844186,0.807386736138105,0.245794392523364,0.245353159851301,0.178438661710037,215.125,-0.29875455846914,1
"ee_27",277.293398533007,613.263959390863,311.269230769231,-0.162522068835135,-0.183342031449444,-0.498813815812303,0.301310043668122,0.175,0.17875,253.222222222222,-0.269655581712578,1
"ee_28",255.320531757755,777.612410986775,832.128712871287,-0.569269366771976,0.984015375140188,2.25272887202048,0.125,0.21195652173913,0.187888198757764,116.909090909091,0.74331552743941,3
"ee_29",270.673383711167,568.405405405405,319.927536231884,-0.285067441208577,-0.501969707800044,-0.45307461377524,0.228590250329381,0.166524338172502,0.207514944491887,233.454545454545,-0.400540272956016,1
"ee_3",337.355343771273,580.5,416.211055276382,0.949305267323385,-0.416062512188534,0.0555620183477153,0.115243902439024,0.171605789110958,0.292901447277739,169.25,0.271571958777109,2
"ee_30",184.862068965517,483.498516320475,254.666666666667,-1.87355021690682,-1.10505835805079,-0.797827996643671,0.332715477293791,0.329166666666667,0.113888888888889,283.375,-1.32028599317107,1
"ee_31",320.660814046289,846.693570451436,826.606060606061,0.64026708284709,1.47469479666068,2.22355437490563,0.116313094367228,0.383278145695364,0.265728476821192,116.1,1.36558158460873,3
"ee_32",333.581683168317,755.567398119122,466.415492957746,0.879449737351671,0.827430942494042,0.32077683759497,0.273116962645438,0.172704296545914,0.236731255265375,188.083333333333,0.696242228967372,2
"ee_33",271.331560283688,576.742489270386,286,-0.272883708190193,-0.442751890384438,-0.632303498806329,0.229357798165138,0.224358974358974,0.19047619047619,231.6,-0.431670100033308,1
"ee_34",289.459119496855,695.496402877698,432.58064516129,0.0626817782601375,0.400750188672864,0.142037597459503,0.159498207885305,0.37953091684435,0.230277185501066,156.25,0.187909047143765,2
"ee_35",258.601503759398,509.0337972167,332.061403508772,-0.508534165037715,-0.923682756430598,-0.388975072674224,0.119339045287638,0.303683113273106,0.248088950660181,190.416666666667,-0.597211014746533,1
"ee_36",244.182702702703,552.52972972973,319.696428571429,-0.77544555303672,-0.614733700430662,-0.454295485459599,0.3379970544919,0.212458286985539,0.160177975528365,300.2,-0.630886976981766,1
"ee_37",217.625645438898,441.857142857143,231.52380952381,-1.26705237856812,-1.40083458995898,-0.920084692614716,0.304855562384757,0.18921308576481,0.172413793103448,319.75,-1.20309673619936,1
"ee_39",235.588586030664,486.683794466403,310.507246376812,-0.934534204065296,-1.08243351431426,-0.502839148277678,0.170909090909091,0.203508771929825,0.185087719298246,250.7,-0.8493954804037,1
"ee_4",245.061946902655,559.106976744186,249.740740740741,-0.759169561095606,-0.568015900885016,-0.823850169471527,0.303850156087409,0.321375186846039,0.130044843049327,255.571428571429,-0.721227645545205,1
"ee_41",233.546428571429,534.767272727273,320.395348837209,-0.972337283517872,-0.740899390096118,-0.450603301650396,0.252989880404784,0.309113300492611,0.198275862068966,241.375,-0.746385720931103,1
"ee_42",301.521056388294,746.965134706815,571.13125,0.285964442678013,0.766329570316331,0.873958425895269,0.158348736906962,0.322108345534407,0.252562225475842,145.083333333333,0.606472175934685,2
"ee_43",321.740294511379,654.686746987952,379.5,0.660249717195261,0.110881597878948,-0.13837135366405,0.185840707964602,0.190217391304348,0.278532608695652,185.857142857143,0.255852960142573,2
"ee_44",277.267670915411,589.803418803419,301.105263157895,-0.162998321617557,-0.349980874416375,-0.552506974372986,0.310985460420032,0.159437280187573,0.134818288393904,243.555555555556,-0.335945683283831,1
"ee_45",309.864538395168,620.122388059702,463.868421052632,0.440413509174104,-0.134627015114392,0.307321429146573,0.160885608856089,0.25065963060686,0.206684256816183,175.2,0.227973727879296,2
"ee_47",291.934289127838,564.350574712644,359.857142857143,0.108500495027274,-0.530770932245411,-0.242138611046882,0.323746918652424,0.215066828675577,0.258809234507898,247.444444444444,-0.188472664976778,2
"ee_51",217.498281786942,555.6529562982,354.931818181818,-1.26941005095647,-0.592549605407204,-0.268157607650148,0.299752270850537,0.316037735849057,0.0613207547169811,240.666666666667,-0.765976184299793,1
"ee_52",213.95498392283,530.170418006431,272.978260869565,-1.33500125699956,-0.773550579403244,-0.701093397653162,0.333333333333333,0.24398249452954,0.0722100656455142,298.5,-0.976393695916746,1
"ee_54",235.663507109005,481.842857142857,274.972602739726,-0.933147314203124,-1.11681840802395,-0.690557894358235,0.23134328358209,0.141990291262136,0.189320388349515,282.875,-0.915471816395905,1
"ee_55",216.778517110266,489.292517006803,303.483146067416,-1.28273386256388,-1.06390391120756,-0.539945340079972,0.306818181818182,0.392478302796528,0.148505303760849,295.363636363636,-0.99424832041181,1
"ee_56",193.761497326203,459.934615384615,246.336842105263,-1.7088098361492,-1.27243136350662,-0.841831933694718,0.237030411449016,0.206330597889801,0.212192262602579,303,-1.31780292362008,1
"ee_57",299.445614035088,590.572972972973,361.066037735849,0.247545215099519,-0.344514776312758,-0.235752386012755,0.235240690281562,0.232779097387173,0.213776722090261,212.875,-0.0750620626578463,2
"ee_58",251.808450704225,467.388535031847,293.106382978723,-0.634282707692387,-1.21948660969954,-0.594762632615063,0.206974981046247,0.136711281070746,0.265774378585086,263.9,-0.797987855771335,1
"ee_59",315.85,586.512658227848,324.793650793651,0.55121244859206,-0.373354953660218,-0.427368406245812,0.21494708994709,0.104465037910699,0.202190395956192,215.727272727273,-0.0197320285349847,2
"ee_60",262.574485596708,623.384428223844,330.420454545455,-0.434988931108669,-0.111456935267411,-0.39764370841241,0.132352941176471,0.248305084745763,0.270338983050847,182.3,-0.326725765547414,1
"ee_61",335.936728395062,676.053097345133,404.137614678899,0.923044789936089,0.262645530541789,-0.00821830693102884,0.151555261416281,0.141185647425897,0.262870514820593,168.909090909091,0.445546083057663,2
"ee_62",387.855312735494,750.18152866242,547.446153846154,1.88412757031143,0.789175427822907,0.748837245668848,0.146500981033355,0.190804597701149,0.328735632183908,144.818181818182,1.2150548301721,3
"ee_63",301.199182839632,720.194444444444,380.022388059701,0.280006130659165,0.576178928470722,-0.135611735964317,0.318983768525053,0.167875647668394,0.175129533678756,232.1,0.244172610015588,2
"ee_68",256.337849280271,538.609958506224,378.275510204082,-0.550437452044613,-0.713605018523425,-0.144839961916487,0.19986216402481,0.180878552971576,0.168819982773471,237.727272727273,-0.477708474949819,1
"ee_69",243.175961538462,464.618421052632,266.507936507937,-0.794081685156635,-1.23916256672459,-0.735274159061778,0.267433501078361,0.138370951913641,0.123650637880275,292.8,-0.909963691798564,1
"ee_7",254.238329238329,580.678125,297.809523809524,-0.589302390004636,-0.414797300767132,-0.569917365882833,0.195761856710394,0.232120451693852,0.176913425345044,198.75,-0.531135355996844,1
"ee_70",258.816386247257,573.151394422311,389.480769230769,-0.504556401361983,-0.468259226340204,-0.0856459765910676,0.177764202810018,0.316493313521545,0.239970282317979,202.25,-0.367994121424174,1
"ee_71",231.434246575342,499.888888888889,277.85,-1.01143661126815,-0.988638503596997,-0.67535747723317,0.240641711229947,0.290140845070423,0.202816901408451,270,-0.903773438756311,1
"ee_72",214.298420615129,502.872773536896,338.830508474576,-1.32864378220877,-0.967444146057054,-0.353215943942107,0.278117359413203,0.232006773920406,0.12108382726503,286.75,-0.927655539883255,1
"ee_73",194.089207048458,425.469696969697,219.611570247934,-1.70274348871269,-1.51723365636961,-0.983013440197404,0.351664254703329,0.125,0.0446428571428571,416.5,-1.43117152445518,1
"ee_74",226.146209386282,510.946428571429,364.030303030303,-1.10932528733579,-0.910097448164306,-0.220093071406761,0.19047619047619,0.420955882352941,0.189338235294118,224.2,-0.782787270805636,1
"ee_75",251.11620294599,725.233009708738,623.088888888889,-0.647097144153729,0.611967561845376,1.14843487544518,0.120060790273556,0.27979274611399,0.224525043177893,124.8,0.269281873525676,2
"ee_76",256.19217877095,679.171779141104,347.225,-0.553134008969185,0.284797344312903,-0.308870390931078,0.278917145200984,0.325369738339022,0.0989761092150171,220.444444444444,-0.228475517573126,2
"ee_77",223.96671709531,550.945419103314,308.762711864407,-1.14967061911677,-0.625986965831863,-0.512054995058286,0.20563035495716,0.258859784283513,0.173343605546995,234.333333333333,-0.801280835913753,1
"ee_78",220.920506912442,484.377358490566,262.330508474576,-1.20606006404003,-1.09881599369312,-0.757342244513062,0.287044877222693,0.105700712589074,0.264845605700713,329,-1.03927149707787,1
"ee_79",202.105473965287,599.882352941176,289.597222222222,-1.55435161334607,-0.278390796736975,-0.613300464701776,0.257606490872211,0.177595628415301,0.135245901639344,250.285714285714,-0.889248023770055,1
"ee_80",340.124047878128,617.668789808917,401.982905982906,1.00055770178125,-0.152054779495713,-0.0196009795339013,0.209424083769634,0.176600441501104,0.239514348785872,192.875,0.348726353003617,2
"ee_9",262.862345229425,554.87037037037,356.678571428571,-0.429660262392372,-0.598108267325064,-0.258930039968831,0.175817396668723,0.295658682634731,0.297904191616766,196.583333333333,-0.428975597145117,1
"fi_1",270.428828828829,524.703910614525,637,-0.289594480789064,-0.812378860595744,1.22192305675453,0.160246533127889,0.163302752293578,0.280733944954128,227,0.00702546653200847,2
"fi_11",279.768959435626,562.122448979592,NA,-0.116696109104092,-0.546597178565555,NA,0.267810026385224,0.131531531531532,0.225225225225225,250.5,NA,NA
"fi_12",237.889423076923,476.672489082969,233.4,-0.891942617763379,-1.15354322892062,-0.910173347303483,0.254135338345865,0.165322580645161,0.244959677419355,269.5,-0.975892019972582,1
"fi_13",199.372677595628,433.884057971014,106.333333333333,-1.60493934732452,-1.45746694398976,-1.5814280130013,0.35251274581209,0.27896512935883,0.152980877390326,360.6,-1.55364422602712,1
"fi_14",272.132978723404,525.758241758242,208,-0.258048375677346,-0.80489000835732,-1.04435384448652,0.314814814814815,0.0745945945945946,0.191351351351351,295.8,-0.65799250612409,1
"fi_15",351.201885310291,781.858757062147,692.666666666667,1.20562336247103,1.01417692210879,1.51599317525278,0.107407407407407,0.330290456431535,0.444813278008299,120.9,1.24130037419688,3
"fi_16",279.153347732181,521.742063492063,230.833333333333,-0.128091909184055,-0.833416686885054,-0.92373226893484,0.234944868532655,0.240576496674058,0.340354767184035,219.222222222222,-0.57838145041959,1
"fi_17",253.304068522484,677.103896103896,127,-0.606596811603124,0.270109292457195,-1.47225228038518,0.248559670781893,0.169769989047097,0.234392113910186,210.777777777778,-0.603281621019645,1
"fi_18",247.413020277481,535.848484848485,244,-0.7156480328288,-0.733219603852102,-0.854176761864893,0.333819241982507,0.258205689277899,0.157549234135667,270.9,-0.762478122846619,1
"fi_19",242.256920415225,532.801948051948,326.4,-0.811094371639145,-0.754858975926196,-0.418882550530949,0.308353808353808,0.231793960923623,0.196269982238011,272.75,-0.676560206592801,1
"fi_2",359.472418670438,687.909385113269,201,1.35872205146528,0.346860046750445,-1.08133272166295,0.148780487804878,0.193409742120344,0.227793696275072,160.5,0.323147018112363,2
"fi_20",263.555012224939,491.75,376.8,-0.416838065285494,-1.04644855372886,-0.152634634860672,0.263447432762836,0.1850622406639,0.152697095435685,265.083333333333,-0.526460182691059,1
"fi_21",258.691230655859,525.460396039604,143,-0.506873199581515,-0.807005589017171,-1.38772913255334,0.186377708978328,0.159056316590563,0.200152207001522,245.166666666667,-0.861169696303761,1
"fi_22",278.8876953125,725.132796780684,943.666666666667,-0.133009492538153,0.611255755298593,2.84195005686467,0.15091066782307,0.351378958120531,0.279877425944842,145.444444444444,0.982757946633719,3
"fi_23",282.683277027027,653.807228915663,521.2,-0.0627481733269005,0.10463443262764,0.610186774321628,0.290619251992643,0.331028522039758,0.146931719965428,209.25,0.18934709275402,2
"fi_24",278.670535714286,504.873873873874,276.75,-0.137029408587259,-0.953230447801812,-0.681168443646608,0.327649208282582,0.115942028985507,0.125905797101449,292.166666666667,-0.54513143086943,1
"fi_25",263.614549402823,629.454545454545,296.333333333333,-0.415735952098405,-0.0683412488139183,-0.57771563249827,0.260330578512397,0.240223463687151,0.179888268156425,206.111111111111,-0.360111445233019,1
"fi_26",258.839760068552,542.082089552239,248.2,-0.504123720512848,-0.688942675472084,-0.831989435559037,0.304213135068154,0.102404274265361,0.21193232413179,296.916666666667,-0.657929121514476,1
"fi_27",260.504780114723,575.07,176,-0.473301961489877,-0.454631483518832,-1.21340014015019,0.263233190271817,0.128155339805825,0.223300970873786,254,-0.689730271696657,1
"fi_28",320.097087378641,829.167539267016,392.25,0.629831744518863,1.35020842570565,-0.0710169702355578,0.255060728744939,0.202898550724638,0.321557971014493,183.454545454545,0.635690134448573,2
"fi_3",323.213722397476,561.227722772277,397.714285714286,0.687524847814535,-0.552952366307429,-0.042150805909061,0.237370663420572,0.142857142857143,0.232242617717478,212.5,0.096478987460867,2
"fi_30",255.796622097115,606.979674796748,499,-0.560456294673137,-0.227978936116452,0.492910906704959,0.147022332506203,0.232727272727273,0.241454545454545,186.333333333333,-0.144702926692703,2
"fi_33",323.919191919192,696.373737373737,710.6,0.70058403688939,0.406981844110218,1.61072953678096,0.168421052631579,0.206999255398362,0.326135517498139,168.166666666667,0.88554702902311,3
"fi_34",372.158374211633,824.197318007663,400.666666666667,1.59355613983919,1.31490523578719,-0.0265542726781868,0.141111789859499,0.199857752489331,0.240398293029872,132.833333333333,1.02392774486838,3
"fi_35",271.569432314411,619.003703703704,346.714285714286,-0.268480377175593,-0.142572964442962,-0.311568339623031,0.313186813186813,0.161777777777778,0.185777777777778,249,-0.243634542090035,2
"fi_38",292.500391542678,856.810402684564,108.5,0.118979811629297,1.54655406228738,-1.56998217006574,0.236793039154754,0.337947882736156,0.161237785016287,144.75,0.0405634923182105,2
"fi_39",251.535449020932,647.965277777778,431,-0.639336335794157,0.0631393965410685,0.133687528419665,0.109326744904262,0.393203883495146,0.253120665742025,151.583333333333,-0.196686456829443,2
"fi_4",231.573899371069,515.784810126582,316.25,-1.00885145031068,-0.875730707927516,-0.472501922436769,0.343683083511777,0.138662316476346,0.197389885807504,342.714285714286,-0.808010369233557,1
"fi_41",280.38134057971,612.9453125,301,-0.10536011102012,-0.185605361614855,-0.553063047713985,0.126126126126126,0.289597000937207,0.357075913776945,176.555555555556,-0.2637445672067,1
"fi_42",206.296084828711,445.442396313364,174.571428571429,-1.47677777362652,-1.37536874506674,-1.22094684977803,0.27568602425016,0.092511013215859,0.270484581497797,341.666666666667,-1.36960578790404,1
"fi_44",227.138461538462,530.406593406593,653.5,-1.09095736630394,-0.771873039396285,1.3090875529561,0.33843329253366,0.1840888066605,0.123959296947271,306.416666666667,-0.27521859245363,1
"fi_45",328.245769540693,649.565217391304,509.333333333333,0.780674804055084,0.0745036737205002,0.547498773013018,0.254268292682927,0.126737530662306,0.193785772690106,208.083333333333,0.498870655642089,2
"fi_46",274.38592750533,628.2,162.333333333333,-0.216343265515267,-0.0772522115522093,-1.28559699558988,0.332365747460087,0.145652173913043,0.21304347826087,271,-0.495392068348733,1
"fi_47",326.820189274448,621,390,0.754285397191692,-0.128393389006749,-0.0829030378994095,0.237515225334957,0.216453674121406,0.270766773162939,198.083333333333,0.238325230804829,2
"fi_48",258.484536082474,557.296943231441,173.2,-0.510699393954885,-0.580872462700844,-1.22819169102076,0.359966358284272,0.303547963206308,0.130091984231275,268.888888888889,-0.746999003698434,1
"fi_49",215.653908794788,408.350877192982,207.666666666667,-1.30355187407948,-1.63882762859367,-1.04611474339968,0.268079800498753,0.120954003407155,0.199318568994889,346.75,-1.3269034612298,1
"fi_5",264.852858481724,469.463636363636,428.333333333333,-0.392813186625622,-1.20474728672104,0.119600337114359,0.316339869281046,0.101338432122371,0.182600382409178,300.636363636364,-0.482669359532253,1
"fi_51",264.712477396022,547.144186046512,275.8,-0.395411829209454,-0.652986901151861,-0.686187005549123,0.210181818181818,0.17219152854512,0.236648250460405,236.8,-0.559916903694077,1
"fi_52",288.023255813953,621.691428571429,196.666666666667,0.036102011532395,-0.12348221244167,-1.10422440753407,0.257806244995997,0.148867313915858,0.277238403451996,233.888888888889,-0.353871181379764,1
"fi_54",241.031923383879,471.122362869198,183.166666666667,-0.833770713218839,-1.1929654496975,-1.17554081351718,0.25077399380805,0.190909090909091,0.266115702479339,272.666666666667,-1.04406016425194,1
"fi_55",238.851330203443,483.375,239.5,-0.874136423943518,-1.10593568722633,-0.877948897192597,0.344863731656185,0.112,0.1456,343.714285714286,-0.944819944903086,1
"fi_56",239.772391125719,506.55873015873,295.428571428571,-0.857086348265958,-0.941263012489419,-0.58249521526257,0.270386266094421,0.246218487394958,0.152100840336134,265.833333333333,-0.79996200763198,1
"fi_6",296.631076388889,630.75,609,0.195444340223135,-0.0591397112037269,1.07400754804882,0.186379928315412,0.134801762114537,0.244052863436123,195.4,0.382638087142781,2
"fi_7",338.840321141838,618.376923076923,317.5,0.976794194423913,-0.147024950451192,-0.465898551512407,0.326841144248326,0.132911392405063,0.191681735985533,236.833333333333,0.206840627180486,2
"fi_8",190.664983164983,364.230414746544,176.5,-1.76613047532579,-1.9522126840589,-1.21075879178044,0.301089045483664,0.189734188817599,0.208982584784601,370.25,-1.65534363288212,1
"fi_9",222.052848885219,444.036496350365,166,-1.18509889213295,-1.38535476999606,-1.26622710754508,0.273561811505508,0.112889637742207,0.0783487784330244,334.5,-1.26951412011552,1
"ge_1",248.879518072289,610.109589041096,NA,-0.688501187514095,-0.205747338923718,NA,0.202578268876611,0.334872979214781,0.217090069284065,207.25,NA,NA
"ge_10",299.362519201229,612,NA,0.246007018036282,-0.192319860824923,NA,0.143048128342246,0.117004680187207,0.228549141965679,200.272727272727,NA,NA
"ge_11",258.406911142454,477.626506024096,NA,-0.512136335931033,-1.14676690257606,NA,0.146699266503667,0.180515759312321,0.261461318051576,232.5,NA,NA
"ge_13",302.628252788104,610.065040650407,NA,0.306460136231088,-0.206063763528379,NA,0.139951179820993,0.346263008514664,0.260170293282876,166.333333333333,NA,NA
"ge_14",308.324780058651,640.164893617021,NA,0.411910512762207,0.00773372562734168,NA,0.179159049360146,0.208611729769859,0.173719376391982,182.5,NA,NA
"ge_15",202.031548055759,468.573304157549,NA,-1.55572008129591,-1.21107126413007,NA,0.180981595092025,0.423970037453184,0.169288389513109,254.666666666667,NA,NA
"ge_16",372.327969348659,778.964179104478,NA,1.59669557377989,0.993616904749188,NA,0.155307994757536,0.149728471683476,0.301784328937161,150.272727272727,NA,NA
"ge_17",310.271994134897,778.187086092715,NA,0.447956062581396,0.988097258691797,NA,0.119704102219233,0.243697478991597,0.323911382734912,136.545454545455,NA,NA
"ge_18",308.062801932367,630.443425076453,NA,0.407060945517548,-0.0613172948937613,NA,0.213320463320463,0.285889570552147,0.171779141104294,176,NA,NA
"ge_19",288.404721753794,654.641891891892,NA,0.0431634588106322,0.110562994764039,NA,0.278401997503121,0.197231833910035,0.228373702422145,216.5,NA,NA
"ge_2",238.48168355417,628.174825174825,NA,-0.880979080266931,-0.0774310268579947,NA,0.230769230769231,0.2488,0.1672,174.666666666667,NA,NA
"ge_21",244.136170212766,624.032467532468,NA,-0.776306931970186,-0.106853950089659,NA,0.300613496932515,0.18859649122807,0.171052631578947,231,NA,NA
"ge_23",263.43189596167,599.649350649351,NA,-0.419117112800271,-0.280045798341639,NA,0.120563035495716,0.368823938761308,0.265135699373695,174,NA,NA
"ge_24",279.705213270142,653.139931740614,NA,-0.117876136308992,0.0998946599548541,NA,0.258362989323843,0.27063339731286,0.122840690978887,215.1,NA,NA
"ge_25",265.870839936609,652.042462845011,NA,-0.373968981617732,0.0920994027963949,NA,0.168249660786974,0.269168026101142,0.291190864600326,174.545454545455,NA,NA
"ge_26",273.334970530452,648.94578313253,NA,-0.235797891720948,0.070103868533084,NA,0.181743421052632,0.21105527638191,0.277386934673367,186.666666666667,NA,NA
"ge_28",253.925902061856,616.639580602883,NA,-0.595085836977327,-0.159365192085104,NA,0.0655534941249227,0.322964923891463,0.253474520185308,153.666666666667,NA,NA
"ge_29",240.695329087049,483.908536585366,NA,-0.840001526072567,-1.10214600817207,NA,0.314456035767511,0.191304347826087,0.139130434782609,306.1,NA,NA
"ge_3",332.158794788274,567.585062240664,NA,0.853110160920063,-0.507796557155831,NA,0.182868796736914,0.182196339434276,0.356905158069884,186.909090909091,NA,NA
"ge_30",250.021917808219,500.533807829182,NA,-0.667353832892319,-0.984057682212372,NA,0.121175030599755,0.172005571030641,0.224233983286908,227.166666666667,NA,NA
"ge_31",248.743912018853,569.029929577465,NA,-0.691011437832506,-0.497533749257275,NA,0.236051502145923,0.1669341894061,0.200642054574639,208.25,NA,NA
"ge_32",261.119575699132,700.90060851927,NA,-0.461921268870212,0.439135944189038,NA,0.175122749590835,0.321428571428571,0.196428571428571,164.222222222222,NA,NA
"ge_33",315.484444444444,543.611464968153,NA,0.544445523912232,-0.678079611647102,NA,0.244565217391304,0.118705035971223,0.283273381294964,227,NA,NA
"ge_36",226.340033500838,486.972972972973,NA,-1.10573734245463,-1.08037949635308,NA,0.354945054945055,0.265758091993186,0.114139693356048,320.428571428571,NA,NA
"ge_37",254.179755671902,593.602150537634,NA,-0.590386665448455,-0.322998705843915,NA,0.200284090909091,0.294849023090586,0.154529307282416,206.2,NA,NA
"ge_38",268.124015748031,509.769230769231,NA,-0.332259668834517,-0.918459015067263,NA,0.247915087187263,0.221774193548387,0.238911290322581,254.3,NA,NA
"ge_39",279.397196261682,578.890804597701,NA,-0.123577945144003,-0.427492532692422,NA,0.128610729023384,0.0828729281767956,0.228097868981847,216.636363636364,NA,NA
"ge_4",365.751406074241,683.391304347826,NA,1.47495454795284,0.314768384225523,NA,0.268333333333333,0.119589977220957,0.330296127562642,193.333333333333,NA,NA
"ge_40",235.820895522388,476.111801242236,NA,-0.930233843124224,-1.15752576174833,NA,0.156288916562889,0.313653136531365,0.34760147601476,219.166666666667,NA,NA
"ge_41",250.750199521149,546.310559006211,NA,-0.653872359496014,-0.658908105096153,NA,0.247555012224939,0.16246953696182,0.121039805036556,276.666666666667,NA,NA
"ge_42",277.996753246753,657.305882352941,NA,-0.149502027698331,0.129485162667611,NA,0.260709914320685,0.278145695364238,0.278145695364238,199.916666666667,NA,NA
"ge_45",265.178207739308,602.034482758621,NA,-0.38679053456291,-0.263104344945431,NA,0.197847682119205,0.153766769865841,0.231166150670795,218.333333333333,NA,NA
"ge_48",281.322766570605,681.873015873016,NA,-0.0879330505495511,0.303984070292543,NA,0.185451638689049,0.15603532875368,0.161923454367026,207.111111111111,NA,NA
"ge_5",240.972058823529,475.778106508876,NA,-0.834878886695395,-1.15989597585589,NA,0.182822085889571,0.223723723723724,0.242492492492492,237.833333333333,NA,NA
"ge_50",310.895833333333,677.81746031746,NA,0.459504164652297,0.275177697189292,NA,0.142105263157895,0.313650306748466,0.355061349693252,152.727272727273,NA,NA
"ge_51",297.552592592593,743.836257309942,NA,0.212502843771868,0.744105337790361,NA,0.158831003811944,0.220543806646526,0.197885196374622,178.5,NA,NA
"ge_54",216.344300822562,403.717741935484,NA,-1.29077178968329,-1.67173651642348,NA,0.315614617940199,0.162621359223301,0.144417475728155,353.555555555556,NA,NA
"ge_55",255.170360110803,599.255,NA,-0.572049245804103,-0.282846847860772,NA,0.263816475495308,0.247875354107649,0.162889518413598,230.714285714286,NA,NA
"ge_6",229.689556509299,632.748898678414,NA,-1.04373316944415,-0.0449416512000575,NA,0.161993769470405,0.28996282527881,0.21635687732342,170.166666666667,NA,NA
"ge_8",250.390971690895,551.027586206897,NA,-0.660522149475359,-0.625403337717245,NA,0.214285714285714,0.19036519036519,0.266511266511266,241.583333333333,NA,NA
"ge_9",278.877232142857,553.022123893805,NA,-0.133203179871882,-0.611236253580305,NA,0.191230207064555,0.140060240963855,0.225150602409639,224.75,NA,NA
"gr_10",289.316622691293,595.466216216216,587,0.0600439708579442,-0.309758356725128,0.957788219780045,0.353095030514385,0.292452830188679,0.214285714285714,267,0.218426547259653,2
"gr_11",285.458445040214,569.537777777778,628.727272727273,-0.011376083274633,-0.493926533294473,1.1782207473642,0.249318801089918,0.228675136116152,0.336660617059891,229.181818181818,0.200737830911066,2
"gr_12",269.070016474465,596.858757062147,457.8,-0.314747923860195,-0.299867220820346,0.275263801037986,0.213861386138614,0.0999160369437447,0.188077246011755,246.545454545455,-0.133280195478786,2
"gr_13",379.609616951915,662.186507936508,404.571428571429,1.73148865824388,0.16415195975905,-0.00592659969541802,0.204605263157895,0.23490488006617,0.399503722084367,165.090909090909,0.740063071316643,2
"gr_15",272.90243902439,594.315789473684,768.8,-0.243804631267618,-0.317929770362389,1.91818248701926,0.197908286403862,0.188565697091274,0.203610832497492,211.888888888889,0.382553962490013,2
"gr_17",242.947976878613,451.035714285714,365.333333333333,-0.798301987646659,-1.33563973576346,-0.213209557473487,0.373977695167286,0.181710213776722,0.175771971496437,353.5,-0.783975583029748,1
"gr_19",247.390681003584,556.162962962963,220.4,-0.716061562815054,-0.588927057998091,-0.978848404916848,0.303465765004227,0.25121359223301,0.20873786407767,282.888888888889,-0.756757264000503,1
"gr_20",282.627782041443,561.395705521472,296.2,-0.0637754601013715,-0.551759194698279,-0.578419992063535,0.161985630306989,0.208106001558846,0.239282930631333,197.727272727273,-0.364563940069093,1
"gr_22",209.780330882353,428.533018867925,318.666666666667,-1.4122796959673,-1.49547506070327,-0.459735405316335,0.310730743910467,0.305635148042025,0.188156638013372,332.909090909091,-1.1514750181928,1
"gr_26",467.746646795827,1107.68506493506,267.333333333333,3.36302354642544,3.32850206520412,-0.730913837943469,0.116477272727273,0.319935691318328,0.419614147909968,89.8333333333333,2.12448588674837,3
"gr_30",245.200288184438,591.16724738676,474.625,-0.756608678024044,-0.340293680027736,0.364145173679899,0.173267326732673,0.326347305389222,0.270958083832335,184.666666666667,-0.295488023113969,1
"gr_31",232.668903803132,570.082018927445,485.285714285714,-0.988581446467938,-0.490060820348198,0.420462494277672,0.246786632390745,0.285551763367463,0.179749715585893,232.375,-0.416312076408333,1
"gr_32",268.76821192053,529.567567567568,245.8,-0.320334731811731,-0.777832590691085,-0.844667907733812,0.2271714922049,0.0595581171950048,0.191162343900096,271.9,-0.614884042252162,1
"gr_37",307.760942760943,632.531073446328,417.5,0.401473126522869,-0.0464888510400862,0.0623711224365549,0.199635369188696,0.145785876993166,0.273348519362187,198.75,0.165353932028088,2
"gr_45",292.176470588235,682.804733727811,543.666666666667,0.112983599377506,0.310602007535547,0.728871361068828,0.213355048859935,0.260869565217391,0.250517598343685,178.6,0.357035450332315,2
"gr_50",284.604612850082,580.266055045872,399.5,-0.0271816647574677,-0.417724209468211,-0.0327174188742581,0.283474065138721,0.185185185185185,0.176767676767677,245.833333333333,-0.146005154405728,2
"gr_51",272.10060362173,537.051546391753,241.666666666667,-0.258647682324993,-0.724674328314188,-0.866503054257036,0.338274932614555,0.173116089613035,0.122199592668024,274.8,-0.580812287701364,1
"gr_52",351.784946236559,780.330218068536,412.75,1.21641660391367,1.00331979934234,0.0372783129239793,0.188636363636364,0.295518207282913,0.413165266106443,138.142857142857,0.798746075245364,2
"gr_54",178.799342105263,413.710144927536,331.444444444444,-1.98577944005557,-1.60076106439378,-0.392234280311746,0.334883720930233,0.18006993006993,0.178321678321678,406.571428571429,-1.39221037943389,1
"gr_56",236.389901823282,477.683168316832,289.5,-0.919700771688216,-1.14636443363609,-0.613814060218116,0.202298850574713,0.148414985590778,0.19164265129683,276.166666666667,-0.895933856831549,1
"gr_61",282.779464285714,556.373417721519,310.833333333333,-0.0609676178824435,-0.587432210198998,-0.501116529775671,0.20702005730659,0.110207768744354,0.26196928635953,234.4,-0.350951669145378,1
"gr_62",345.39787485242,582.292682926829,312.125,1.09818332767344,-0.403329190566215,-0.494293046487163,0.265377855887522,0.142344497607655,0.220095693779904,215.375,0.169986659953362,2
"gr_64",248.176682692308,530.948837209302,265.333333333333,-0.701511615084877,-0.768021513488235,-0.741479231422448,0.251381215469613,0.2460024600246,0.182041820418204,252.25,-0.733454869507156,1
"gr_67",251.166172106825,433.656862745098,393,-0.646172147822682,-1.45908069834607,-0.0670549476809406,0.148631029986962,0.154670750382848,0.401225114854518,243.666666666667,-0.716309552937175,1
"gr_7",289.620895522388,651.240356083086,NA,0.0656764699373524,0.0864020855395792,NA,0.221281741233374,0.417701863354037,0.451863354037267,160.333333333333,NA,NA
"gr_70",277.702429149798,646.417322834646,320,-0.154950362336634,0.0521443634246306,-0.452691809663682,0.251552795031056,0.219917012448133,0.199170124481328,224.8,-0.182144378806369,2
"gr_74",377.660714285714,747.438356164384,247.428571428571,1.69541185035498,0.769690834557558,-0.836064658758072,0.156756756756757,0.310897435897436,0.31517094017094,141.75,0.658252592881839,2
"gr_75",309.471428571429,554.527027027027,496.285714285714,0.43313651795425,-0.600547014943085,0.478572158412058,0.189044038668099,0.0860927152317881,0.308609271523179,220,0.136662150222392,2
"gr_77",291.575654152446,621.541899441341,301.533333333333,0.101861679588296,-0.124544309077287,-0.550245609452924,0.280730897009967,0.159353348729792,0.14203233256351,230.444444444444,-0.161692303723745,2
"gr_9",309.32776801406,703.631386861314,621.8,0.430477167941912,0.458532502491745,1.14162606631428,0.197406340057637,0.193895870736086,0.291741472172352,187.3,0.652238437818573,2
"he_1",256.910128388017,566.447293447293,NA,-0.53984379655476,-0.515878062123053,NA,0.159600997506234,0.218842729970326,0.260385756676558,214.5,NA,NA
"he_10",312.057324840764,760.848484848485,NA,0.481004933625977,0.864942191602257,NA,0.326055312954876,0.0907127429805616,0.218142548596112,240,NA,NA
"he_11",348.677272727273,850.051369863014,NA,1.158889390205,1.49854504882238,NA,0.224137931034483,0.377777777777778,0.43968253968254,135.833333333333,NA,NA
"he_13",349.757162346521,684.390134529148,NA,1.17887959854659,0.321863016385236,NA,0.162790697674419,0.2375,0.344444444444444,154.666666666667,NA,NA
"he_14",309.9704595186,636.562753036437,147,0.442374251538348,-0.0178520675181921,-1.36659834559539,0.269451269451269,0.234304932735426,0.350896860986547,200.222222222222,-0.238385423318734,2
"he_17",410.333333333333,855.267045454545,144,2.30022594448613,1.53559168645736,-1.38244643581385,0.138231631382316,0.161849710982659,0.40606936416185,131.5,0.966033952987505,2
"he_18",332.420779220779,742.709090909091,NA,0.857959844901362,0.736099140994987,NA,0.189044038668099,0.270198675496689,0.286092715231788,152.428571428571,NA,NA
"he_2",461.843537414966,1333.85559566787,162,3.25374905736354,4.93497807175881,-1.28735789450304,0.202346041055718,0.303308823529412,0.419117647058824,86.4,2.39578567612215,3
"he_20",281.715107913669,646.35,NA,-0.0806702849399284,0.0516661732811089,NA,0.310810810810811,0.269984917043741,0.212669683257919,228.571428571429,NA,NA
"he_24",314.889042995839,713.04,NA,0.533423842814131,0.525361329453781,NA,0.262939958592132,0.101123595505618,0.200842696629213,233.285714285714,NA,NA
"he_25",340.104895104895,859.501278772379,NA,1.00020315820529,1.56566719722003,NA,0.141372141372141,0.371670702179177,0.335351089588378,119.285714285714,NA,NA
"he_27",461.023564064801,882.270967741935,NA,3.23857024851847,1.72739896168903,NA,0.133333333333333,0.16289592760181,0.460030165912519,122.333333333333,NA,NA
"he_30",331.952724358974,702.562068965517,NA,0.849295520292625,0.450937200232821,NA,0.18454363757495,0.155228758169935,0.255718954248366,174.363636363636,NA,NA
"he_31",263.200643776824,579.495495495495,NA,-0.423397901569903,-0.423197448732805,NA,0.272438443208896,0.2117903930131,0.162663755458515,246.333333333333,NA,NA
"he_33",457.942876344086,1169.78142695357,NA,3.18154257802809,3.76956888038045,NA,0.115646258503401,0.305384615384615,0.511538461538461,82.0833333333333,NA,NA
"he_34",463.101421800948,935.647058823529,NA,3.27703418808173,2.1065262041659,NA,0.175762439807384,0.287244401168452,0.427458617332035,111.888888888889,NA,NA
"he_35",347.806351665376,1025.57534246575,NA,1.14276747073649,2.74528152526717,NA,0.145172656800564,0.272877164056059,0.362737015663644,110.818181818182,NA,NA
"he_36",302.753821399839,725.132462686567,NA,0.308784580012199,0.611253382247687,NA,0.193311036789298,0.262023217247098,0.33665008291874,157.818181818182,NA,NA
"he_37",467.377777777778,1220.78669724771,NA,3.3561952851012,4.13185632194007,NA,0.259938837920489,0.301652892561983,0.5,95.25,NA,NA
"he_38",311.998025666338,913.360269360269,NA,0.479907226202788,1.94822444655027,NA,0.175724637681159,0.467032967032967,0.406593406593407,108.555555555556,NA,NA
"he_39",384.85737439222,692.278388278388,NA,1.82863170202168,0.377892819829171,NA,0.178184281842818,0.189612530915087,0.415498763396538,157.636363636364,NA,NA
"he_40",449.664783427495,1100.60245901639,NA,3.02830395148321,3.27819473101976,NA,0.184254606365159,0.254620123203285,0.412731006160164,94.6,NA,NA
"he_41",272.628705148206,646.458563535912,NA,-0.248871813243942,0.0524372937054347,NA,0.263219741480611,0.220095693779904,0.226475279106858,216.333333333333,NA,NA
"he_43",395.729695431472,1006.232,NA,2.02989297804226,2.60788689893313,NA,0.105137395459976,0.355140186915888,0.417890520694259,98.5,NA,NA
"he_44",269.4287454324,532.195402298851,NA,-0.308107368678016,-0.759167234814176,NA,0.230769230769231,0.21125,0.20875,234.375,NA,NA
"he_45",335.180245133381,860.559845559846,725,0.909041267966462,1.57318613498744,1.68680036982961,0.0977747808496291,0.337070254110613,0.331838565022422,128.090909090909,1.3416124586317,3
"he_46",395.403541472507,799.522336769759,NA,2.02385542987536,1.13964029215177,NA,0.131296449215524,0.199619771863118,0.369771863117871,133.333333333333,NA,NA
"he_47",372.458080194411,962.48,NA,1.5991041004179,2.29711901060105,NA,0.163113006396588,0.244585987261146,0.402547770700637,129.714285714286,NA,NA
"he_49",296.194078947368,592.761487964989,NA,0.187354930208418,-0.32896988276156,NA,0.10888710968775,0.317160826594789,0.556154537286613,153.8,NA,NA
"he_50",342.483098591549,675.515151515152,NA,1.04422690130785,0.258824532881789,NA,0.205215419501134,0.168330955777461,0.2339514978602,180.714285714286,NA,NA
"he_52",322.474372955289,675.426160337553,NA,0.673838495873444,0.258192433769918,NA,0.136711281070746,0.261351052048726,0.256921373200443,167.25,NA,NA
"he_53",222.51676300578,514.72027972028,NA,-1.17651121821024,-0.883292004929527,NA,0.316895715440582,0.13491124260355,0.152662721893491,337,NA,NA
"he_55",289.355457227139,676.205741626794,NA,0.0607628503142963,0.263729753916216,NA,0.284632034632035,0.229954614220877,0.357034795763994,208.142857142857,NA,NA
"he_56",420.087719298246,822.420195439739,NA,2.48079273965415,1.30228243848099,NA,0.0642424242424242,0.305699481865285,0.474093264248705,107.333333333333,NA,NA
"he_58",313.824248120301,755.208080808081,739,0.513713058467592,0.824878732720923,1.76075812418247,0.156655844155844,0.384985563041386,0.331087584215592,136.444444444444,0.981176280458054,3
"he_59",329.300126103405,801.231292517007,NA,0.800192361200973,1.1517789045312,NA,0.188025210084034,0.292367399741268,0.341526520051746,150.285714285714,NA,NA
"he_6",390.606954689146,855.42061281337,NA,1.93506416138012,1.53668246639471,NA,0.16260162601626,0.344120819848975,0.372168284789644,124.375,NA,NA
"he_60",246.212530712531,539.590277777778,805,-0.737870708264806,-0.706641868269448,2.10941610898878,0.364433811802233,0.174404015056462,0.150564617314931,328.222222222222,0.125683988909877,2
"he_61",355.659793814433,771.224489795918,550,1.28814524079743,0.938642345808628,0.762328440418929,0.237442922374429,0.214071856287425,0.205089820359281,176.5,1.02554933218724,3
"he_65",292.000853970965,652.086956521739,NA,0.109732699743966,0.0924154387710029,NA,0.227272727272727,0.253460207612457,0.220588235294118,206.727272727273,NA,NA
"he_7",308.086142322097,659.761290322581,2002,0.407493007503481,0.146925781375754,8.43280410615785,0.180497925311203,0.160759493670886,0.210126582278481,192,2.73691616926147,3
"he_8",316.135179153094,688.077519379845,123,0.55649149802769,0.348054294578662,-1.49338306734314,0.262254901960784,0.176079734219269,0.249169435215947,212.666666666667,-0.121002032618266,2
"it_1",281.165970772443,674.855450236967,400.555555555556,-0.0908355515241775,0.254138713418646,-0.0271412389825747,0.18961038961039,0.325854700854701,0.292735042735043,162.111111111111,0.0317650217211502,2
"it_10",230.2625,699.710594315245,608.25,-1.0331272153328,0.430683343136061,1.0700455254942,0.15702479338843,0.331699346405229,0.183006535947712,141.833333333333,0.0369677744559568,2
"it_11",302.065420560748,595.315315315315,387.866666666667,0.296041355194886,-0.310830196968326,-0.0941727909436539,0.163502755664421,0.207174231332357,0.322108345534407,187.333333333333,-0.00308435429563959,2
"it_12",297.077477477477,692.622881355932,438.571428571429,0.203707824384609,0.380339733941745,0.173685089447229,0.163733741392502,0.140896614821592,0.264409881061299,192,0.247690576770536,2
"it_13",292.183703703704,698.314741035857,461.777777777778,0.113117494066921,0.420768679210822,0.296277194735067,0.187886279357231,0.264840182648402,0.249619482496195,172,0.260360759810535,2
"it_15",278.14928057554,547.046052631579,253.285714285714,-0.146678541829148,-0.653683937038985,-0.805123149283918,0.1578125,0.209647495361781,0.26530612244898,194,-0.49631354262853,1
"it_17",353.996871741397,667.103174603175,358.636363636364,1.25736231807709,0.199074754548608,-0.248587617456129,0.190273037542662,0.106427818756586,0.310853530031612,185.111111111111,0.488091068358581,2
"it_19",214.485714285714,528.026004728132,335.782608695652,-1.32517672462313,-0.788782221070096,-0.36931707416652,0.161592505854801,0.220670391061453,0.18854748603352,182.666666666667,-0.877500478420237,1
"it_20",248.03250641574,623.361344537815,353.68,-0.70418051175277,-0.111620897334567,-0.274770583477672,0.208707671043538,0.203493449781659,0.238427947598253,218.909090909091,-0.397589648944779,1
"it_22",251.4,610.590909090909,465.666666666667,-0.641843679229846,-0.202328550857062,0.316821015388638,0.279538904899135,0.146,0.178,257.4,-0.222389732332466,1
"it_23",278.193231441048,739.730496453901,652.714285714286,-0.145864952233835,0.714942359384155,1.30493686266079,0.248530646515533,0.297206703910615,0.193296089385475,168.111111111111,0.54761778571995,2
"it_25",295.974789915966,579.469696969697,392.8,0.183295595488816,-0.423380694147517,-0.0681114870288385,0.282407407407407,0.124731182795699,0.165591397849462,244.8,-0.0741294161573801,2
"it_26",313.346468401487,612.260586319218,485.954545454545,0.504868713684353,-0.190468931492512,0.423995726512526,0.191554467564259,0.218016654049962,0.297501892505677,194.583333333333,0.272005523979745,2
"it_28",293.935698447894,566.92972972973,349.071428571429,0.145549271653694,-0.512451345521583,-0.299116268737092,0.245106382978723,0.179255918827508,0.344983089064262,223.333333333333,-0.185250575616125,2
"it_29",343.176829268293,825.952277657267,566.333333333333,1.05706878858399,1.32737061118524,0.848612487163926,0.115107913669065,0.245709123757904,0.358626919602529,128.444444444444,1.07562244493834,3
"it_3",427.730038022814,1170.70967741935,724.7,2.62226233135491,3.77616218896282,1.68521556080776,0.194915254237288,0.313684210526316,0.366315789473684,91.6,2.68731825747314,3
"it_30",236.932067932068,559.140468227425,398.833333333333,-0.909664548284267,-0.567778012845082,-0.0362392167005846,0.214170692431562,0.275614754098361,0.280737704918033,226.888888888889,-0.545070988177407,1
"it_31",355.371908127208,711.945054945055,323.307692307692,1.28281608977717,0.517583998987404,-0.435218274294601,0.192919075144509,0.127126230975828,0.233661593554163,179.3,0.537836153318709,2
"it_32",307.710491367862,801.062283737024,456.909090909091,0.400539203424772,1.15057844508558,0.270557398488259,0.183371298405467,0.214783821478382,0.336122733612273,147.857142857143,0.586556434442062,2
"it_33",222.744186046512,455.484126984127,210.285714285714,-1.17230131204496,-1.30404292143005,-1.03227910908197,0.253234750462107,0.0899339933993399,0.182343234323432,328.166666666667,-1.16981713397159,1
"it_34",291.430501930502,780.667857142857,678.157894736842,0.0991747168597108,1.00571802987227,1.4393477330851,0.22890625,0.54305977710233,0.203647416413374,141.7,0.773189615631094,3
"it_35",262.068463219228,551.586206896552,372.093023255814,-0.444356085465028,-0.621435487742324,-0.177500165560038,0.174205378973105,0.211695040710585,0.241302738712065,218.333333333333,-0.41742313017672,1
"it_36",264.210823909531,608.489451476793,375,-0.404698109521329,-0.217255080962158,-0.162143488991754,0.101351351351351,0.273182957393484,0.360902255639098,167.8,-0.275698814794705,1
"it_37",282.410821643287,655.371244635193,336.5,-0.0677916886896565,0.115743544496278,-0.365527313462104,0.186573670444638,0.27438370846731,0.454448017148982,171.777777777778,-0.10205180616561,2
"it_38",359.630887185104,1032.12524850895,935.588235294118,1.36165551667069,2.79180512349848,2.79927415379272,0.169573643410853,0.320886814469078,0.326721120186698,98.875,2.22198598985564,3
"it_39",209.004296455424,546.197115384615,278.51724137931,-1.42664513628457,-0.659713888482698,-0.671832643374234,0.32383808095952,0.175166297117517,0.127494456762749,335.4,-0.970122014070908,1
"it_4",195.031304347826,484.178885630499,469.222222222222,-1.68530400141998,-1.10022573477043,0.335603937129046,0.180451127819549,0.355963302752294,0.319266055045872,216.3,-0.903508139860408,1
"it_41",278.895680521597,607.791095890411,349.839285714286,-0.13286167558477,-0.222215459707928,-0.295059912312126,0.18993288590604,0.140016570008285,0.248550124275062,212.727272727273,-0.208327281839924,2
"it_42",324.298876404494,888.44776119403,538.95652173913,0.707612507049654,1.77127236308258,0.703989093817609,0.202614379084967,0.387587822014052,0.327868852459016,129.375,1.02562343988992,3
"it_43",238.938864628821,507,280.166666666667,-0.872516044073965,-0.938128698703625,-0.663119229786685,0.321646341463415,0.195505617977528,0.128089887640449,301.8,-0.829380796176679,1
"it_45",291.526763990268,726.367164179105,628.923076923077,0.10095665697267,0.620023394488415,1.17925512155096,0.190669371196755,0.231829573934837,0.225563909774436,162.428571428571,0.580166217600879,2
"it_46",318.310177705977,724.859813084112,419.114285714286,0.596753644676577,0.609316768122401,0.0708989043160167,0.185333333333333,0.215220949263502,0.210310965630115,175.818181818182,0.442766159602156,2
"it_47",351.132450331126,848.31550802139,659,1.20433802767851,1.48621532403363,1.3381423850233,0.182628062360802,0.307901907356948,0.279291553133515,126.285714285714,1.32904252378848,3
"it_48",276.53120665742,562.358024691358,322.620689655172,-0.176631264921175,-0.544923898110081,-0.438847500967089,0.154761904761905,0.183098591549296,0.245070422535211,205.333333333333,-0.365783925691621,1
"it_49",280.962560386473,563.255,336.730769230769,-0.0946009511741862,-0.538552735133469,-0.364308229599145,0.164102564102564,0.240490797546012,0.222085889570552,200.714285714286,-0.308698669889459,1
"it_5",369.55258302583,734.571906354515,372.705882352941,1.54531944252273,0.678301196649723,-0.174262616805877,0.200149365197909,0.205415499533147,0.327731092436975,154.6,0.769339350962244,2
"it_50",291.737672583826,693.128571428571,433.18,0.104860858523573,0.383931620850334,0.145203807311752,0.23094688221709,0.227227227227227,0.182182182182182,200.777777777778,0.200684971858055,2
"it_51",265.769696969697,576.531598513011,466.846153846154,-0.375841273882432,-0.444249835057555,0.323051888465985,0.20609756097561,0.182027649769585,0.204301075268817,229.75,-0.186695893530444,2
"it_52",257.985074626866,605.704968944099,332.34328358209,-0.519945096828812,-0.237033096979319,-0.387485985729982,0.276452599388379,0.203719357565511,0.114961961115807,244.166666666667,-0.395333763544315,1
"it_53",345.535211267606,791.118421052632,759,1.10072560931362,1.07994777201251,1.86641205897226,0.186101295641932,0.26917510853835,0.350217076700434,140.5,1.32419819302088,3
"it_54",305.476277372263,595.22268907563,330.513513513513,0.359180899339202,-0.311488115712865,-0.397152106105265,0.177591463414634,0.20389249304912,0.233549582947173,195.2,-0.0689197068097581,2
"it_57",229.75390625,573.072607260726,373.294117647059,-1.04254196925071,-0.468818846925168,-0.171155148135589,0.238335435056747,0.188741721854305,0.168046357615894,264.333333333333,-0.609008986218513,1
"it_59",328.185006877579,795.24854368932,490.388888888889,0.779550005489206,1.10928379071695,0.447421018114909,0.126237623762376,0.220963172804533,0.380311614730878,144.916666666667,0.77883144484524,2
"it_6",260.411300919842,628.962264150943,572.333333333333,-0.475032387033337,-0.0718378940229555,0.880308667600864,0.180400890868597,0.286684782608696,0.311141304347826,181,0.0525282772600376,2
"it_7",279.534223706177,564.679180887372,477.384615384615,-0.121041382966591,-0.528436861871184,0.378723384874452,0.128089887640449,0.195876288659794,0.403780068728522,192.2,-0.0933305962856559,2
"it_8",291.888009049774,669.180505415162,585.125,0.107643788576847,0.213829913394115,0.947883163393502,0.147317073170732,0.138443935926773,0.196796338672769,140.5,0.391571438467024,2
"it_9",312.730650154799,665.619047619048,480.259259259259,0.493469090211336,0.18853308767912,0.393909256698227,0.223579718998167,0.244689221085759,0.387883556254917,178.75,0.372120339397739,2
"no_1",230.163490471414,466.536585365854,225.827586206897,-1.03496001478652,-1.22553795817883,-0.950176112958377,0.255188316679477,0.1671826625387,0.186790505675955,300.2,-1.06669822725577,1
"no_10",304.01256281407,626.911764705882,385.3,0.332085575475221,-0.0864024712438309,-0.107731712575011,0.12715033657442,0.148243359040274,0.281062553556127,185.1,0.0745939750444359,2
"no_11",264.296551724138,580.107438016529,425.645161290323,-0.403111172445441,-0.418850856918895,0.105399539427559,0.248031496062992,0.183246073298429,0.18499127399651,246.166666666667,-0.255279864225577,1
"no_13",243.600475624257,577.88785046729,403.966666666667,-0.786223358835381,-0.434616457020496,-0.00912137343787132,0.301439458086367,0.241212121212121,0.107878787878788,261.555555555556,-0.447610692671663,1
"no_15",352.97192224622,628.977611940299,420.555555555556,1.23838912527758,-0.0717288795758797,0.0785126958072176,0.106090373280943,0.157509157509158,0.373626373626374,156.181818181818,0.497390794980431,2
"no_16",289.558756633814,623.127946127946,462.902173913043,0.0645261955884008,-0.113278712542445,0.30221703853273,0.208230958230958,0.198603568657874,0.301008533747091,209.666666666667,0.0824919760324459,2
"no_18",393.444241316271,833.954838709677,388.727272727273,1.98758615047054,1.38421233269526,-0.0896264701133052,0.199108469539376,0.24860853432282,0.326530612244898,148.4,1.1834102189628,3
"no_2",221.906739811912,460.576051779935,277.575757575758,-1.18780356746637,-1.26787527843455,-0.676806216793545,0.236386138613861,0.23581847649919,0.166936790923825,279.583333333333,-1.05852587555498,1
"no_22",252.926900584795,568.828571428571,334.87012987013,-0.613578697084541,-0.498963984371785,-0.37413742308296,0.333993399339934,0.186323092170466,0.107036669970268,312.363636363636,-0.50736190107024,1
"no_24",269.900246305419,591.053097345133,395.558823529412,-0.299379253769887,-0.341104481074303,-0.0535374589651878,0.159957627118644,0.238335435056747,0.283732660781841,207.142857142857,-0.238144283519802,1
"no_26",268.428730512249,568.885826771654,409.354430379747,-0.326618988979,-0.49855730303001,0.0193405483623578,0.215808170515098,0.262740656851642,0.212910532276331,213.875,-0.274412621991895,1
"no_27",274.933489827856,568.605911330049,376.652173913043,-0.2062071509419,-0.500545525984364,-0.153415555248249,0.231848688224527,0.138204924543288,0.165210484511517,246,-0.278671184746544,1
"no_30",344.490605427975,750.017094017094,776,1.081388551158,0.788007458187308,1.95621790354358,0.270061728395062,0.154334038054968,0.391120507399577,186,1.25582302898247,3
"no_33",309.016423357664,644.70625,335.928571428571,0.424713759870891,0.0399907134976502,-0.368545997313241,0.162538699690402,0.293900184842884,0.284658040665434,169.6,0.0713189188036792,2
"no_34",265.227967097532,550.545977011494,314.982142857143,-0.38586942196017,-0.628824179568051,-0.479199627231479,0.18900675024108,0.208085612366231,0.143876337693222,226.857142857143,-0.486754910823927,1
"no_36",240.887067395264,481.534782608696,270.647058823529,-0.836452192270325,-1.11900664336017,-0.713408431100847,0.261021693491952,0.214962121212121,0.238636363636364,274.454545454545,-0.884305399246435,1
"no_38",268.050094517958,563.712418300654,361.41935483871,-0.333628050161356,-0.535303719788375,-0.233885918905467,0.325129533678756,0.198656429942418,0.177543186180422,289.181818181818,-0.364208111672695,1
"no_4",314.955290611028,597.095435684647,393.421875,0.534650175215296,-0.298186106454652,-0.0648263099939684,0.192331101643335,0.259984928409947,0.177844762622457,201.416666666667,0.104956345151532,2
"no_40",287.877088305489,552.186991869919,306.368421052632,0.0333962544856661,-0.617168147334688,-0.524703307323041,0.229050279329609,0.181159420289855,0.120772946859903,235.75,-0.329202934603052,1
"no_42",287.084745762712,726.682600382409,520.64,0.0187289290241519,0.622263919328525,0.607228464147514,0.0970464135021097,0.425233644859813,0.285046728971963,122.857142857143,0.376339286652472,2
"no_43",261.486742424242,488.883817427386,354.736842105263,-0.455124519276338,-1.06680688033486,-0.269187607134043,0.15609756097561,0.204238921001927,0.25626204238921,220.444444444444,-0.582848153951206,1
"no_44",374.114942528736,713.885245901639,446.701754385965,1.62977484922975,0.531365061488289,0.216635135118668,0.118556701030928,0.0935672514619883,0.311111111111111,161.428571428571,0.876309998673988,2
"no_46",319.561373390558,688.797413793103,437.3125,0.619914958541483,0.353167662347688,0.167034551587693,0.210743801652893,0.180628272251309,0.255671902268761,194,0.404026647597208,2
"no_47",235.366700715015,509.791666666667,304,-0.938641599495999,-0.918299654204469,-0.537214957495516,0.287099179716629,0.117154811715481,0.174686192468619,316.7,-0.812111023308395,1
"no_49",359.28256302521,845.386533665835,612.346153846154,1.35520756828544,1.46541099107846,1.09168426406172,0.171790235081374,0.274017467248908,0.387554585152838,128.25,1.30921160385623,3
"no_53",247.849462365591,599.700787401575,298.51724137931,-0.707568903152166,-0.279680446109253,-0.566178708584442,0.322818086225026,0.271739130434783,0.156832298136646,285.857142857143,-0.536785307668975,1
"no_54",349.041184041184,671.971751412429,458.511111111111,1.16562587776195,0.233655969903213,0.279020385386068,0.195583596214511,0.215686274509804,0.309803921568627,171.571428571429,0.620053257691564,2
"no_55",257.865090403338,537.536324786325,330.045454545455,-0.522166166078179,-0.721230975827667,-0.399624719689719,0.0810092961487384,0.250722543352601,0.397398843930636,185.454545454545,-0.545123175086488,1
"no_57",207.724489795918,460.554054054054,359,-1.45033607775161,-1.26803152699051,-0.246666636823588,0.304752066115702,0.261515601783061,0.12481426448737,345.428571428571,-1.03454388024487,1
"no_6",289.360128617363,600.407185628742,510.75,0.060849324026213,-0.274662940957981,0.554982593393961,0.264469453376206,0.12896174863388,0.309289617486339,239.666666666667,0.108435625341279,2
"no_9",320.17191283293,669.236514522822,420.480769230769,0.631216864251315,0.214227742798819,0.0781176223331105,0.204724409448819,0.156765676567657,0.284653465346535,192.636363636364,0.340190355240105,2
"ru_10",258.609183673469,534.898089171975,NA,-0.508391999505622,-0.739970208566608,NA,0.13953488372093,0.111226611226611,0.227650727650728,231.875,NA,NA
"ru_11",290.899645808737,591.167785234899,NA,0.0893478565173714,-0.340289859723964,NA,0.237569060773481,0.138888888888889,0.204106280193237,231.375,NA,NA
"ru_12",327.756097560976,748.187969924812,NA,0.771610317538024,0.775015297105396,NA,0.205882352941176,0.185185185185185,0.311111111111111,151.833333333333,NA,NA
"ru_13",254.451055662188,593.706666666667,NA,-0.585364537971518,-0.322256333913124,NA,0.255982596084119,0.139376218323587,0.131578947368421,265.3,NA,NA
"ru_14",285.931263858093,678.102564102564,NA,-0.00262357143569385,0.277202772643035,NA,0.243150684931507,0.158371040723982,0.294117647058824,206.8,NA,NA
"ru_15",309.254901960784,603.01724137931,NA,0.429128319355869,-0.256123868137699,NA,0.172848145556333,0.120981387478849,0.261421319796954,201.090909090909,NA,NA
"ru_16",341.731751824818,907.230452674897,NA,1.03031846276373,1.90468471837382,NA,0.163907284768212,0.291089108910891,0.447524752475248,123,NA,NA
"ru_17",289.245517241379,747.239631336406,NA,0.0587277134065728,0.768279303766968,NA,0.239013933547696,0.202816901408451,0.232394366197183,191,NA,NA
"ru_18",298.724719101124,591.650485436893,NA,0.234200480910509,-0.336861268517365,NA,0.256900212314225,0.0971428571428571,0.167142857142857,233.142857142857,NA,NA
"ru_2",310.725028058361,631.902985074627,NA,0.456342329431667,-0.0509501258837372,NA,0.141304347826087,0.108170310701956,0.322209436133487,191.375,NA,NA
"ru_20",277.86271450858,553.469512195122,NA,-0.15198326490458,-0.608058480731872,NA,0.166446499339498,0.337559429477021,0.263074484944533,206.333333333333,NA,NA
"ru_21",242.995714285714,518.709090909091,NA,-0.797418304076932,-0.854959713146242,NA,0.253897550111359,0.123880597014925,0.23134328358209,277.714285714286,NA,NA
"ru_22",225.197353914002,524.846153846154,NA,-1.12688987749282,-0.811368515269296,NA,0.39945836154367,0.121758737316798,0.084554678692221,383.818181818182,NA,NA
"ru_24",337.783216783217,765.844827586207,NA,0.95722577188241,0.900430920848582,NA,0.228730822873082,0.260397830018083,0.370705244122966,169.166666666667,NA,NA
"ru_25",241.590015128593,501.658333333333,NA,-0.823439684888066,-0.976070243551263,NA,0.159533073929961,0.141975308641975,0.266975308641975,244.166666666667,NA,NA
"ru_26",316.771186440678,610.013745704467,NA,0.56826484778395,-0.206428108519045,NA,0.225201072386059,0.189446366782007,0.327854671280277,198.181818181818,NA,NA
"ru_27",284.162436548223,630.298342541436,NA,-0.0353669424380038,-0.0623478076255414,NA,0.167760758570387,0.131463628396144,0.191060473269062,214.3,NA,NA
"ru_29",328.248303934871,696.804347826087,NA,0.780721719097823,0.410040444882077,NA,0.226254002134472,0.122758620689655,0.193103448275862,196.714285714286,NA,NA
"ru_30",265.706333973129,649.509803921569,NA,-0.377014208115683,0.0741100750970102,NA,0.216510903426791,0.196819085487078,0.332007952286282,208.8,NA,NA
"ru_31",336.673192771084,672.738993710692,NA,0.936677735424628,0.239105646920722,NA,0.125668449197861,0.201070336391437,0.281345565749235,163.636363636364,NA,NA
"ru_32",289.826411075612,604.357798165138,NA,0.0694808390628278,-0.246601971961049,NA,0.249180327868852,0.0676855895196507,0.203056768558952,245.777777777778,NA,NA
"ru_33",329.593220338983,590.049180327869,NA,0.805617929452112,-0.348235244731181,NA,0.178064516129032,0.149136577708006,0.263736263736264,192.833333333333,NA,NA
"ru_34",355.975683890577,902.702325581395,NA,1.29399279069754,1.87252169737028,NA,0.279955207166853,0.245723172628305,0.276827371695179,160.666666666667,NA,NA
"ru_35",227.281588447653,483.571428571429,NA,-1.08830789483664,-1.10454046661125,NA,0.191297824456114,0.154916512059369,0.157699443413729,276.8,NA,NA
"ru_36",241.60433604336,528.993827160494,NA,-0.823174585506852,-0.781907835131501,NA,0.238600212089077,0.190807799442897,0.253481894150418,257.285714285714,NA,NA
"ru_37",268.330788804071,560.635135135135,NA,-0.328432021641705,-0.557161481516937,NA,0.26824644549763,0.133419689119171,0.169689119170984,255.625,NA,NA
"ru_4",204.201550387597,435.920731707317,NA,-1.51555042141404,-1.44300056996681,NA,0.3196894848271,0.158713692946058,0.169087136929461,367,NA,NA
"ru_40",266.650319829424,581.093525179856,NA,-0.359539761095811,-0.411846737668151,NA,0.333574529667149,0.136807817589577,0.140065146579805,294,NA,NA
"ru_43",279.924129353234,630.705660377359,NA,-0.113823705363899,-0.0594546529411956,NA,0.214570858283433,0.235069885641677,0.283354510800508,194.714285714286,NA,NA
"ru_44",266.684545454545,629.813157894737,NA,-0.358906198771849,-0.0657940456970808,NA,0.171384850803366,0.238227146814404,0.261311172668513,191.2,NA,NA
"ru_46",286.007900677201,745.928571428571,NA,-0.00120492090577463,0.758966922183624,NA,0.165703275529865,0.196304849884527,0.177829099307159,157.625,NA,NA
"ru_47",232.425490196078,555.130952380952,NA,-0.993087359508907,-0.596257368596642,NA,0.332436069986541,0.141129032258065,0.165322580645161,322.833333333333,NA,NA
"ru_48",270.704422869471,570.96875,NA,-0.284492864668354,-0.483762421579309,NA,0.211453744493392,0.192178770949721,0.252513966480447,214.75,NA,NA
"ru_49",312.020933977456,656.603174603175,NA,0.48033128983285,0.124493870760738,NA,0.243781094527363,0.228618421052632,0.268092105263158,194.5,NA,NA
"ru_50",314.29821958457,718.449871465296,NA,0.522486907340499,0.563787328983355,NA,0.191004313000616,0.2003046458492,0.333587204874334,178.666666666667,NA,NA
"ru_51",376.552,772.670103092784,NA,1.67488805869362,0.948910452217743,NA,0.198838896952104,0.184782608695652,0.283514492753623,157.3,NA,NA
"ru_52",267.702865761689,599.566844919786,NA,-0.340055721153177,-0.280631831696733,NA,0.20343137254902,0.194615384615385,0.283076923076923,211.833333333333,NA,NA
"ru_53",255.61744966443,625.695431472081,NA,-0.563773017229411,-0.0950420148207307,NA,0.214439655172414,0.204389574759945,0.229080932784636,214.428571428571,NA,NA
"ru_54",370.988970588235,914.190322580645,NA,1.57190890696422,1.95412026586137,NA,0.133511348464619,0.311248073959938,0.39060092449923,115.272727272727,NA,NA
"ru_55",258.058091286307,512.392156862745,NA,-0.518593460320207,-0.899828524956352,NA,0.22009253139458,0.0864406779661017,0.254237288135593,263,NA,NA
"ru_56",290.523141654979,698.711711711712,NA,0.082378258568713,0.423588338624454,NA,0.227833894500561,0.200581395348837,0.242732558139535,176.857142857143,NA,NA
"ru_8",364.334080717489,766.714953271028,NA,1.44871795055966,0.906611372522915,NA,0.210762331838565,0.172727272727273,0.269318181818182,166.125,NA,NA
"ru_9",329.303867403315,622.055865921788,429,0.800261617691025,-0.120893635329757,0.123122134940686,0.163145539906103,0.20476858345021,0.319775596072931,176.285714285714,0.320773196959689,2
"sp_1",317.473684210526,738.51376146789,548.864864864865,0.581269025737383,0.706299962184888,0.756331865741671,0.187568157033806,0.228187919463087,0.484563758389262,146.428571428571,0.671297158672921,2
"sp_11",224.253846153846,580.3,300.409090909091,-1.14435547431053,-0.41748310045116,-0.556184641241865,0.265395894428152,0.379241516966068,0.165668662674651,212.8,-0.74984251223212,1
"sp_13",259.579728059333,487.439306358381,329.394736842105,-0.490425918405898,-1.07706715768417,-0.40306226397953,0.277264325323475,0.249360613810742,0.260869565217391,266.25,-0.640209193861468,1
"sp_15",275.077922077922,562.135483870968,331.833333333333,-0.203533515860497,-0.546504592497088,-0.390179898246389,0.292847503373819,0.215648854961832,0.286259541984733,235.5,-0.362418753567242,1
"sp_17",294.74598540146,602.225,443.875,0.160548772278153,-0.261751112160774,0.201702248940594,0.190533980582524,0.302848575712144,0.31784107946027,181.166666666667,0.0462048499452071,2
"sp_2",249.367049009385,612.968609865471,380.111111111111,-0.679476334573758,-0.185439881795165,-0.135143038989918,0.311439114391144,0.188638799571275,0.195069667738478,266.5,-0.367965410065028,1
"sp_21",258.491471215352,580.927152317881,334.774193548387,-0.510571015323747,-0.413028474342859,-0.37464422557703,0.317638266068759,0.161007667031763,0.1960569550931,290.7,-0.440530216105465,1
"sp_24",324.781659388646,705.333333333333,352.2,0.716549468999236,0.470621328400589,-0.282588974652117,0.284789644012945,0.17420814479638,0.425339366515837,205.8,0.343029493724236,2
"sp_26",254.262295081967,675.876288659794,277.712121212121,-0.588858750026193,0.261389668826174,-0.676085849056342,0.357864357864358,0.260674157303371,0.391011235955056,218.8,-0.359952354079527,1
"sp_28",249.647109577222,595.893175074184,418.607843137255,-0.674292037031179,-0.306725693013862,0.0682235217655974,0.307266009852217,0.246222222222222,0.205333333333333,269.916666666667,-0.341267466186951,1
"sp_29",264.845283018868,575.489285714286,367.957446808511,-0.392953418625344,-0.451653321696827,-0.199347161774117,0.259365994236311,0.250324254215305,0.374837872892348,216.5,-0.352481512491421,1
"sp_3",302.729981378026,795.482905982906,323.5,0.308343269164853,1.1109484523343,-0.434202371075469,0.25,0.223529411764706,0.333333333333333,170.6,0.326361132043589,2
"sp_32",297.328582145536,615.023913043478,434.926470588235,0.20835610930241,-0.170841183941088,0.154429881793837,0.198776758409786,0.342748091603053,0.232824427480916,182.5,0.0784190530767891,2
"sp_34",231.741654571843,631.800431499461,519.387096774194,-1.00574607606308,-0.0516785579095945,0.60060975636165,0.175219023779725,0.32701062215478,0.194233687405159,151,-0.237619070889617,1
"sp_35",269.781456953642,741.799472295515,667.833333333333,-0.301578204337098,0.729638173365423,1.38480620622212,0.218832891246684,0.307300509337861,0.224108658743633,138.333333333333,0.513702032141424,2
"sp_36",311.832469775475,801.584415584416,536.235294117647,0.476842564137765,1.15428711695532,0.68961367353419,0.217814892136395,0.282918149466192,0.313167259786477,158.272727272727,0.743907262801959,3
"sp_37",246.90359168242,514.912,286.933333333333,-0.725078240850927,-0.881930227034136,-0.627372981849472,0.24198250728863,0.25,0.165384615384615,248.8,-0.742822259005453,1
"sp_38",232.507115135834,544.77358490566,334.013698630137,-0.991576372161212,-0.669825141932167,-0.378661689602068,0.326511627906977,0.316298342541436,0.367403314917127,257.625,-0.711176598324755,1
"sp_4",271.406779661017,472.107476635514,339.071428571429,-0.271491296412795,-1.1859682444286,-0.351943236131988,0.222222222222222,0.138095238095238,0.353968253968254,246.25,-0.569969962733295,1
"sp_42",192.509787234043,420.5,223.867647058824,-1.73198067238984,-1.55253312228941,-0.9605298771055,0.309813983322643,0.196096654275093,0.210966542750929,379.5,-1.44671116877441,1
"sp_44",316.080786026201,798.370967741935,451.096153846154,0.555484608138602,1.13146218551738,0.239849414819023,0.317629179331307,0.224944320712695,0.216035634743875,208,0.633587323356362,2
"sp_45",310.585192697769,726.458015267176,417.054794520548,0.453753788953139,0.620668704435218,0.0600192369018507,0.194280908326325,0.303757828810021,0.354906054279749,156.888888888889,0.385707897982376,2
"sp_46",201.819587628866,470.412408759124,349,-1.55964375369561,-1.19800821207637,-0.299493604218484,0.371967654986523,0.30758226037196,0.363376251788269,310.444444444444,-1.0731080463667,1
"sp_48",237.615972812235,520.965625,349.027397260274,-0.897004549709713,-0.838931683927436,-0.299348872800963,0.233713901947616,0.153374233128834,0.202453987730061,258.909090909091,-0.700285986902405,1
"sp_5",311.913617886179,737.732394366197,459.047058823529,0.478344724738796,0.700749957517553,0.281851634618997,0.2125,0.22010582010582,0.367195767195767,167.555555555556,0.486118367536484,2
"sp_50",322.857263513513,783.901030927835,469.019230769231,0.680926314752807,1.02868307352212,0.334531594842183,0.22320819112628,0.260105448154657,0.380492091388401,159.454545454545,0.681334926410413,2
"sp_51",251.378205128205,620.430278884462,464.808510638298,-0.642247131601452,-0.132440084655266,0.312287637335601,0.188277087033748,0.24617067833698,0.263676148796499,178.75,-0.20294458683648,2
"sp_53",285.438202247191,941.630662020906,573.684210526316,-0.0117508045820173,2.14902738651792,0.887444942143683,0.171232876712329,0.332644628099174,0.31198347107438,113.4,0.906241376765675,3
"sp_54",309.633084577114,878.631313131313,460.047619047619,0.436128987902779,1.70154670858971,0.287137290852458,0.213562753036437,0.216216216216216,0.204633204633205,142.285714285714,0.771056794993762,3
"sp_55",272.781900452489,661.510297482837,315.714285714286,-0.246035962250489,0.159348876591303,-0.475331938547209,0.272849462365591,0.275415896487985,0.230129390018484,205.363636363636,-0.193209303486967,2
"sp_57",288.06266548985,786.789915966387,478.720588235294,0.036831537604137,1.04920265441133,0.38578092429678,0.27,0.284931506849315,0.224657534246575,162.272727272727,0.445227688654087,2
"sp_59",210.139983235541,463.786885245902,368.338709677419,-1.40562204749785,-1.24506891675956,-0.197333065659644,0.287391841779975,0.129228100607112,0.14570685169124,340.416666666667,-0.994969413724901,1
"sp_60",304.86353297953,590.071770334928,361.474820143885,0.347838177034495,-0.348074789236775,-0.233592912518664,0.208615384615385,0.139968895800933,0.325816485225505,213.916666666667,-0.0353650397128336,2
"sp_62",238.646415552855,587.696428571429,349.936,-0.877929669553508,-0.364946702381541,-0.294549000070322,0.354032258064516,0.17103620474407,0.18976279650437,299.222222222222,-0.549020578556962,1
"sp_63",270.657857142857,1024.43928923988,652.033707865169,-0.285354858857393,2.73721220587521,1.30134157627629,0.173971679028995,0.466938775510204,0.24734693877551,97.8333333333333,1.09742419110249,3
"sp_8",254.375386996904,577.899721448468,292.873417721519,-0.586765266672857,-0.434532138137858,-0.595993317419711,0.146603900470746,0.188337273443656,0.271079590228526,208.272727272727,-0.543863743336414,1
"sp_9",285.008658008658,630.333333333333,352.931034482759,-0.0197022457915185,-0.0620992700841976,-0.278727141173594,0.282334384858044,0.21978021978022,0.252747252747253,217.6,-0.110128821693945,2
"tr_10",296.007067137809,598.986666666667,NA,0.18389309024923,-0.284752803779795,NA,0.238683127572016,0.136936936936937,0.228828828828829,236.333333333333,NA,NA
"tr_12",249.523547880691,671.593197278912,NA,-0.676579330114351,0.230967122108993,NA,0.187295350360183,0.308622078968574,0.190975020145044,158.909090909091,NA,NA
"tr_13",333.646808510638,960.071052631579,NA,0.880655294973598,2.28000839881673,NA,0.252491694352159,0.245925925925926,0.22962962962963,127.571428571429,NA,NA
"tr_14",265.176675369887,673.802469135802,NA,-0.386818900780558,0.246659450453239,NA,0.254147312541473,0.227758007117438,0.22864768683274,218.363636363636,NA,NA
"tr_16",260.895,519.544642857143,NA,-0.466078466915355,-0.849024836695157,NA,0.364425162689805,0.15358361774744,0.267918088737201,307.714285714286,NA,NA
"tr_18",271.689557855127,593.237288135593,NA,-0.266256691955116,-0.325590302072982,NA,0.363026235509457,0.112068965517241,0.279693486590038,306.916666666667,NA,NA
"tr_2",279.362670713202,745.370892018779,NA,-0.124217059452476,0.75500575806433,NA,0.244730679156909,0.265116279069767,0.217054263565891,186.5,NA,NA
"tr_23",333.073608617594,638.333333333333,NA,0.870044594510244,-0.00527573957915375,NA,0.202346041055718,0.229779411764706,0.277573529411765,184.6,NA,NA
"tr_29",231.400635930048,664.933139534884,NA,-1.01205878948893,0.183661122811103,NA,0.20746887966805,0.385689354275742,0.24956369982548,165.833333333333,NA,NA
"tr_3",325.86036036036,817.215488215488,NA,0.736517673877295,1.26531370851511,NA,0.165867689357622,0.201149425287356,0.219540229885057,149.75,NA,NA
"tr_30",277.645739910314,668.570731707317,NA,-0.155999756355991,0.209498726533,NA,0.139479905437352,0.135531135531136,0.294871794871795,172.111111111111,NA,NA
"tr_34",347.702604920405,631.866359447005,NA,1.14084697904015,-0.0512102755672945,NA,0.0872801082543978,0.128984432913269,0.336545589325426,164.272727272727,NA,NA
"tr_36",405.827450980392,796.399463806971,NA,2.21681600573639,1.11745870876872,NA,0.0824931255728689,0.352647352647353,0.385614385614386,113.75,NA,NA
"tr_37",343.11856474259,685.039647577093,NA,1.05599023389935,0.326476469446898,NA,0.188556566970091,0.262820512820513,0.408653846153846,155.166666666667,NA,NA
"tr_39",249.799657534247,609.515625,NA,-0.671468169305576,-0.209966230649732,NA,0.28875,0.216168717047452,0.133567662565905,266.5,NA,NA
"tr_42",253.206231454006,621.538759689922,NA,-0.608407907244331,-0.124566610547349,NA,0.319258496395469,0.381240544629349,0.190620272314675,229.857142857143,NA,NA
"tr_49",275.975609756098,681.630705394191,NA,-0.186916110347425,0.302262953181892,NA,0.287081339712919,0.26510067114094,0.286912751677852,197,NA,NA
"tr_52",243.05049088359,603.700336700337,NA,-0.796404315624529,-0.251271882161175,NA,0.172248803827751,0.293352601156069,0.235549132947977,185.333333333333,NA,NA
